time,temperature_2m_max,temperature_2m_min,precipitation_sum,rain_sum,showers_sum,snowfall_sum,windspeed_10m_max,windgusts_10m_max,sunshine_duration,uv_index_max,shortwave_radiation_sum,et0_fao_evapotranspiration,weathercode,city
2023-04-09,12.2,3.6,0.0,0.0,0.0,0.0,6.4,19.8,44164.43,,19.51,2.5,3.0,Lucerne
2023-04-10,15.7,3.5,0.0,0.0,0.0,0.0,5.9,15.8,38366.99,,19.86,2.87,3.0,Lucerne
2023-04-11,10.3,7.6,14.3,14.3,0.0,0.0,5.8,20.9,0.0,,3.73,0.73,63.0,Lucerne
2023-04-12,15.0,6.4,17.2,17.2,0.0,0.0,11.6,30.2,12560.72,,9.89,1.6,63.0,Lucerne
2023-04-13,8.4,3.9,11.8,7.3,0.0,3.15,11.2,33.5,16940.45,,10.53,1.43,75.0,Lucerne
2023-04-14,10.9,2.3,14.2,4.3,0.0,6.93,7.1,17.3,44629.87,,21.06,2.72,75.0,Lucerne
2023-04-15,7.8,2.8,9.2,9.2,0.0,0.0,7.2,16.2,164.05,,4.59,0.79,61.0,Lucerne
2023-04-16,7.4,5.7,23.1,23.1,0.0,0.0,6.8,17.3,0.0,,3.02,0.61,61.0,Lucerne
2023-04-17,12.6,5.9,3.0,3.0,0.0,0.0,10.0,25.6,31640.98,,15.66,2.22,53.0,Lucerne
2023-04-18,14.8,5.0,0.3,0.3,0.0,0.0,8.1,22.7,38245.08,,16.59,2.45,51.0,Lucerne
2023-04-19,12.3,5.2,0.1,0.1,0.0,0.0,10.5,23.8,19955.73,,11.06,1.66,51.0,Lucerne
2023-04-20,6.9,2.8,9.2,9.2,0.0,0.0,8.7,23.8,0.0,,5.6,0.8,61.0,Lucerne
2023-04-21,13.4,2.6,0.3,0.3,0.0,0.0,8.4,20.9,33003.57,,17.69,2.32,51.0,Lucerne
2023-04-22,19.2,7.1,0.2,0.2,0.0,0.0,7.1,20.5,39245.15,,18.66,3.05,51.0,Lucerne
2023-04-23,15.9,10.0,8.8,8.8,0.0,0.0,7.7,21.6,30582.82,,16.64,2.63,61.0,Lucerne
2023-04-24,13.0,6.4,6.1,6.1,0.0,0.0,15.5,44.6,42722.4,,17.64,2.54,63.0,Lucerne
2023-04-25,9.8,5.0,12.6,12.5,0.0,0.07,6.6,22.3,18020.46,,9.31,1.31,71.0,Lucerne
2023-04-26,13.4,4.8,1.6,1.6,0.0,0.0,6.2,18.7,31869.81,,17.85,2.55,61.0,Lucerne
2023-04-27,16.4,7.6,2.4,2.4,0.0,0.0,8.3,20.2,43200.0,,19.9,3.07,55.0,Lucerne
2023-04-28,17.6,8.1,49.5,49.5,0.0,0.0,8.2,30.2,11793.03,,8.08,1.43,65.0,Lucerne
2023-04-29,18.8,11.2,14.4,14.4,0.0,0.0,10.0,22.3,42150.41,,18.93,3.12,63.0,Lucerne
2023-04-30,15.2,10.1,1.3,1.3,0.0,0.0,9.0,23.0,4303.75,,9.41,1.58,51.0,Lucerne
2023-05-01,13.3,10.3,16.9,16.9,0.0,0.0,9.4,22.0,469.47,,8.18,1.44,61.0,Lucerne
2023-05-02,15.4,7.4,5.2,5.2,0.0,0.0,8.0,21.2,34292.2,,17.86,2.75,61.0,Lucerne
2023-05-03,17.2,6.0,0.0,0.0,0.0,0.0,10.3,25.2,43913.98,,20.61,3.15,3.0,Lucerne
2023-05-04,21.5,6.5,0.0,0.0,0.0,0.0,6.4,16.9,47130.85,,25.03,4.08,3.0,Lucerne
2023-05-05,21.8,8.9,6.7,6.7,0.0,0.0,9.5,25.6,35094.44,,20.52,3.56,63.0,Lucerne
2023-05-06,21.2,9.1,7.0,7.0,0.0,0.0,6.9,19.1,43468.11,,20.51,3.46,63.0,Lucerne
2023-05-07,20.0,8.6,18.3,18.3,0.0,0.0,12.2,36.4,31155.47,,15.84,2.65,63.0,Lucerne
2023-05-08,18.2,12.4,8.0,8.0,0.0,0.0,9.8,24.5,19897.92,,13.44,2.25,63.0,Lucerne
2023-05-09,18.9,9.7,11.6,11.6,0.0,0.0,5.2,19.8,26209.42,,15.27,2.6,63.0,Lucerne
2023-05-10,13.9,10.1,28.3,28.3,0.0,0.0,9.7,25.9,10645.27,,11.5,1.82,63.0,Lucerne
2023-05-11,13.3,8.9,11.6,11.6,0.0,0.0,7.3,17.6,16245.81,,9.39,1.52,63.0,Lucerne
2023-05-12,15.7,9.2,1.2,1.2,0.0,0.0,8.1,22.0,34469.3,,17.54,2.73,51.0,Lucerne
2023-05-13,14.9,8.8,0.9,0.9,0.0,0.0,7.0,19.4,28400.64,,15.72,2.42,51.0,Lucerne
2023-05-14,14.5,8.5,7.1,7.1,0.0,0.0,7.4,20.9,18620.41,,12.67,1.96,63.0,Lucerne
2023-05-15,16.9,7.7,4.1,4.1,0.0,0.0,5.1,19.1,42045.39,,21.22,3.27,55.0,Lucerne
2023-05-16,12.6,8.0,18.8,18.8,0.0,0.0,11.9,31.7,7821.29,,8.34,1.31,63.0,Lucerne
2023-05-17,11.7,7.5,6.5,6.5,0.0,0.0,15.1,36.7,0.0,,9.38,1.7,61.0,Lucerne
2023-05-18,12.8,4.9,0.6,0.6,0.0,0.0,8.3,19.8,18866.84,,14.56,2.16,51.0,Lucerne
2023-05-19,14.3,7.9,0.5,0.5,0.0,0.0,10.1,23.4,11875.31,,13.32,2.08,51.0,Lucerne
2023-05-20,16.0,6.8,0.8,0.8,0.0,0.0,5.8,15.5,24148.56,,14.88,2.33,51.0,Lucerne
2023-05-21,22.3,10.4,0.0,0.0,0.0,0.0,7.4,18.0,43157.45,,23.49,3.99,3.0,Lucerne
2023-05-22,24.3,9.3,0.1,0.1,0.0,0.0,14.0,31.3,49660.95,,25.72,4.56,51.0,Lucerne
2023-05-23,21.0,11.9,12.3,12.3,0.0,0.0,9.4,24.5,35504.01,,18.23,3.14,63.0,Lucerne
2023-05-24,14.8,11.6,8.4,8.4,0.0,0.0,12.7,27.4,0.0,,4.85,0.92,61.0,Lucerne
2023-05-25,18.4,9.5,3.8,3.8,0.0,0.0,5.2,17.6,35179.41,,18.44,2.95,55.0,Lucerne
2023-05-26,21.9,10.7,0.1,0.1,0.0,0.0,8.4,18.4,48053.95,,20.06,3.46,51.0,Lucerne
2023-05-27,22.8,9.4,0.0,0.0,0.0,0.0,8.9,22.0,50905.8,,26.03,4.47,2.0,Lucerne
2023-05-28,23.2,10.0,0.0,0.0,0.0,0.0,10.3,24.5,51258.11,,27.62,4.79,1.0,Lucerne
2023-05-29,23.0,12.1,0.1,0.1,0.0,0.0,12.8,30.6,51465.62,,27.01,4.79,51.0,Lucerne
2023-05-30,22.7,12.6,0.0,0.0,0.0,0.0,14.0,34.6,49977.4,,27.0,4.78,3.0,Lucerne
2023-05-31,21.7,9.7,0.0,0.0,0.0,0.0,9.4,25.2,51416.97,,25.73,4.39,3.0,Lucerne
2023-06-01,24.1,9.9,0.0,0.0,0.0,0.0,7.7,19.8,50702.01,,26.92,4.8,3.0,Lucerne
2023-06-02,24.3,11.7,0.0,0.0,0.0,0.0,8.9,21.6,51827.0,,26.81,4.92,3.0,Lucerne
2023-06-03,23.9,11.1,0.1,0.1,0.0,0.0,8.4,17.3,51061.82,,26.8,4.73,51.0,Lucerne
2023-06-04,23.3,10.9,0.2,0.2,0.0,0.0,8.9,23.0,52075.68,,22.8,4.08,51.0,Lucerne
2023-06-05,23.3,13.2,0.0,0.0,0.0,0.0,9.4,24.1,52280.27,,27.4,4.88,0.0,Lucerne
2023-06-06,23.4,10.0,0.2,0.2,0.0,0.0,9.0,22.0,51649.94,,25.67,4.68,51.0,Lucerne
2023-06-07,25.1,13.0,0.0,0.0,0.0,0.0,5.8,17.6,52603.45,,28.22,5.22,2.0,Lucerne
2023-06-08,24.9,11.5,0.0,0.0,0.0,0.0,14.2,37.8,49611.11,,26.52,4.93,3.0,Lucerne
2023-06-09,26.1,11.2,0.0,0.0,0.0,0.0,8.4,21.2,49379.17,,27.31,5.22,3.0,Lucerne
2023-06-10,25.5,15.1,0.1,0.1,0.0,0.0,8.6,22.7,51915.45,,25.93,4.97,51.0,Lucerne
2023-06-11,25.1,14.4,0.1,0.1,0.0,0.0,12.9,30.2,52801.97,,26.51,5.03,51.0,Lucerne
2023-06-12,25.6,12.3,0.0,0.0,0.0,0.0,9.0,23.8,52847.57,,28.79,5.51,1.0,Lucerne
2023-06-13,24.2,14.7,0.0,0.0,0.0,0.0,8.7,22.3,52838.36,,27.13,5.17,3.0,Lucerne
2023-06-14,25.3,13.1,0.0,0.0,0.0,0.0,11.0,28.4,51612.91,,29.56,5.69,2.0,Lucerne
2023-06-15,24.8,13.1,0.2,0.2,0.0,0.0,6.8,18.4,52328.18,,25.37,4.81,51.0,Lucerne
2023-06-16,25.6,12.9,0.2,0.2,0.0,0.0,7.7,20.5,52969.99,,27.25,5.25,51.0,Lucerne
2023-06-17,27.4,12.9,0.0,0.0,0.0,0.0,7.8,20.2,52334.38,,27.18,5.36,2.0,Lucerne
2023-06-18,29.2,13.1,0.0,0.0,0.0,0.0,7.0,17.6,51612.43,,26.9,5.46,3.0,Lucerne
2023-06-19,27.7,17.5,5.6,5.6,0.0,0.0,8.9,23.0,45719.15,,24.47,4.92,61.0,Lucerne
2023-06-20,29.5,16.8,3.1,3.1,0.0,0.0,9.8,26.6,35453.98,,20.99,4.47,61.0,Lucerne
2023-06-21,26.9,17.0,0.6,0.6,0.0,0.0,9.3,22.0,41103.76,,21.95,4.33,51.0,Lucerne
2023-06-22,31.9,17.3,10.2,10.2,0.0,0.0,11.2,39.2,33540.71,,20.39,4.16,63.0,Lucerne
2023-06-23,22.7,16.9,6.8,6.8,0.0,0.0,9.0,24.8,49843.46,,21.8,4.03,63.0,Lucerne
2023-06-24,24.6,15.0,0.0,0.0,0.0,0.0,13.2,33.1,53012.54,,27.45,5.16,3.0,Lucerne
2023-06-25,28.0,12.4,0.0,0.0,0.0,0.0,6.8,19.1,52998.47,,28.9,5.48,0.0,Lucerne
2023-06-26,29.2,16.9,0.4,0.4,0.0,0.0,12.7,33.1,46323.28,,24.12,5.03,51.0,Lucerne
2023-06-27,23.5,16.9,1.2,1.2,0.0,0.0,8.9,21.2,39056.02,,21.03,4.06,53.0,Lucerne
2023-06-28,25.8,14.0,0.0,0.0,0.0,0.0,10.8,25.6,52930.42,,27.94,5.25,3.0,Lucerne
2023-06-29,27.1,16.5,2.1,2.1,0.0,0.0,8.4,20.9,42193.12,,23.89,4.69,61.0,Lucerne
2023-06-30,20.9,17.2,18.2,18.2,0.0,0.0,9.2,24.8,22672.71,,12.67,2.39,63.0,Lucerne
2023-07-01,23.4,16.9,5.3,5.3,0.0,0.0,12.0,32.0,28835.93,,17.06,3.39,55.0,Lucerne
2023-07-02,21.7,17.0,6.9,6.9,0.0,0.0,8.1,23.8,27541.44,,15.88,2.96,61.0,Lucerne
2023-07-03,24.0,16.8,1.3,1.3,0.0,0.0,10.4,24.5,36819.64,,18.13,3.6,53.0,Lucerne
2023-07-04,23.4,15.5,10.8,10.8,0.0,0.0,6.8,19.4,48152.9,,23.16,4.2,63.0,Lucerne
2023-07-05,20.9,15.2,23.4,23.4,0.0,0.0,15.2,38.2,46826.58,,20.2,3.48,65.0,Lucerne
2023-07-06,23.3,14.2,2.1,2.1,0.0,0.0,7.5,16.9,52002.89,,24.79,4.43,55.0,Lucerne
2023-07-07,28.7,13.7,0.0,0.0,0.0,0.0,5.2,14.4,52490.71,,27.67,5.42,3.0,Lucerne
2023-07-08,27.6,17.2,0.4,0.4,0.0,0.0,10.1,24.5,42017.36,,21.27,4.28,51.0,Lucerne
2023-07-09,32.2,17.1,0.0,0.0,0.0,0.0,6.0,15.1,51027.66,,26.42,5.46,3.0,Lucerne
2023-07-10,29.5,19.1,0.0,0.0,0.0,0.0,8.5,24.1,45606.21,,21.95,4.48,3.0,Lucerne
2023-07-11,33.1,20.8,0.3,0.3,0.0,0.0,14.6,31.7,49378.8,,24.67,5.32,51.0,Lucerne
2023-07-12,25.9,18.9,19.0,19.0,0.0,0.0,8.8,27.0,29164.49,,15.97,3.19,63.0,Lucerne
2023-07-13,23.4,17.5,19.0,19.0,0.0,0.0,9.4,20.5,25472.19,,15.37,2.94,63.0,Lucerne
2023-07-14,26.2,16.5,0.0,0.0,0.0,0.0,6.9,16.6,51934.55,,27.13,5.01,3.0,Lucerne
2023-07-15,32.3,18.0,1.5,1.5,0.0,0.0,10.9,46.4,50795.46,,25.83,5.44,53.0,Lucerne
2023-07-16,22.5,17.4,7.7,7.7,0.0,0.0,10.5,25.6,27287.79,,15.61,2.94,63.0,Lucerne
2023-07-17,25.4,18.2,12.6,12.6,0.0,0.0,5.2,17.3,35794.71,,20.84,4.0,63.0,Lucerne
2023-07-18,26.1,17.5,18.3,18.3,0.0,0.0,10.5,47.9,39017.82,,20.15,3.79,63.0,Lucerne
2023-07-19,26.2,17.7,50.6,50.6,0.0,0.0,13.4,44.6,40774.15,,19.69,3.74,65.0,Lucerne
2023-07-20,25.7,18.0,0.7,0.7,0.0,0.0,5.8,15.1,44210.38,,23.15,4.35,51.0,Lucerne
2023-07-21,23.3,16.5,16.3,16.3,0.0,0.0,14.2,35.6,40873.41,,19.7,3.58,63.0,Lucerne
2023-07-22,24.6,16.4,2.1,2.1,0.0,0.0,8.3,19.1,48478.13,,22.74,4.21,55.0,Lucerne
2023-07-23,28.3,14.5,0.0,0.0,0.0,0.0,9.7,23.4,50935.41,,24.07,4.69,3.0,Lucerne
2023-07-24,22.3,16.8,23.3,23.3,0.0,0.0,11.2,28.1,22605.23,,14.08,2.59,63.0,Lucerne
2023-07-25,20.7,14.5,9.9,9.9,0.0,0.0,19.5,46.4,46800.0,,20.1,3.5,61.0,Lucerne
2023-07-26,18.0,11.2,18.4,18.4,0.0,0.0,12.6,30.2,35531.75,,15.02,2.48,63.0,Lucerne
2023-07-27,24.2,11.1,0.0,0.0,0.0,0.0,8.0,19.1,41170.88,,22.72,4.1,3.0,Lucerne
2023-07-28,26.8,16.3,0.8,0.8,0.0,0.0,13.9,31.7,46808.26,,20.42,3.99,51.0,Lucerne
2023-07-29,23.4,16.9,18.4,18.4,0.0,0.0,12.5,36.7,24143.57,,13.92,2.53,63.0,Lucerne
2023-07-30,24.6,15.8,11.4,11.4,0.0,0.0,13.0,32.0,46767.59,,22.18,4.12,63.0,Lucerne
2023-07-31,23.9,15.5,0.0,0.0,0.0,0.0,7.9,21.6,40654.79,,22.67,4.08,3.0,Lucerne
2023-08-01,23.1,15.9,16.7,16.7,0.0,0.0,17.8,46.4,32358.24,,14.83,2.86,63.0,Lucerne
2023-08-02,28.4,15.1,2.8,2.8,0.0,0.0,9.6,38.5,36535.39,,21.19,4.15,61.0,Lucerne
2023-08-03,23.1,15.9,0.0,0.0,0.0,0.0,17.1,39.6,47213.12,,23.73,4.48,3.0,Lucerne
2023-08-04,20.6,14.1,18.9,18.9,0.0,0.0,14.1,33.1,32381.18,,16.74,2.87,63.0,Lucerne
2023-08-05,19.7,14.3,13.5,13.5,0.0,0.0,7.2,18.7,35900.68,,17.09,3.01,61.0,Lucerne
2023-08-06,16.8,11.5,25.2,25.2,0.0,0.0,19.5,51.5,39242.32,,14.94,2.44,63.0,Lucerne
2023-08-07,17.1,10.8,23.4,23.4,0.0,0.0,12.0,31.0,45719.65,,17.98,2.96,65.0,Lucerne
2023-08-08,20.2,11.0,0.0,0.0,0.0,0.0,6.9,15.5,40955.99,,16.8,2.93,3.0,Lucerne
2023-08-09,23.4,14.3,0.0,0.0,0.0,0.0,10.4,27.7,23469.03,,13.73,2.8,3.0,Lucerne
2023-08-10,25.9,12.7,0.0,0.0,0.0,0.0,6.9,19.4,44977.73,,24.53,4.44,3.0,Lucerne
2023-08-11,28.1,16.8,0.0,0.0,0.0,0.0,4.3,13.7,46909.92,,24.29,4.6,2.0,Lucerne
2023-08-12,28.2,17.7,6.5,6.5,0.0,0.0,10.3,26.3,40561.48,,18.8,3.67,63.0,Lucerne
2023-08-13,28.3,19.6,0.0,0.0,0.0,0.0,5.5,17.3,42253.05,,21.24,4.12,3.0,Lucerne
2023-08-14,28.4,18.5,0.0,0.0,0.0,0.0,6.6,18.4,46800.0,,22.19,4.34,3.0,Lucerne
2023-08-15,28.4,19.5,10.0,10.0,0.0,0.0,9.0,21.6,44069.71,,21.23,4.2,65.0,Lucerne
2023-08-16,28.9,17.9,0.0,0.0,0.0,0.0,5.1,14.8,46800.0,,22.96,4.46,3.0,Lucerne
2023-08-17,27.8,18.6,0.0,0.0,0.0,0.0,7.2,16.6,39600.0,,19.36,3.83,3.0,Lucerne
2023-08-18,29.9,16.5,0.0,0.0,0.0,0.0,6.0,15.8,46800.0,,23.27,4.59,3.0,Lucerne
2023-08-19,31.9,17.4,0.0,0.0,0.0,0.0,6.4,14.0,46800.0,,22.91,4.78,3.0,Lucerne
2023-08-20,31.2,18.5,0.0,0.0,0.0,0.0,5.5,13.7,46709.45,,22.83,4.6,1.0,Lucerne
2023-08-21,31.6,22.1,0.0,0.0,0.0,0.0,5.8,13.3,46532.39,,21.78,4.52,1.0,Lucerne
2023-08-22,31.7,19.7,0.0,0.0,0.0,0.0,5.9,13.0,46354.64,,21.47,4.42,3.0,Lucerne
2023-08-23,31.4,20.6,0.1,0.1,0.0,0.0,7.1,16.6,46176.32,,21.51,4.36,51.0,Lucerne
2023-08-24,32.2,19.4,4.8,4.8,0.0,0.0,11.2,28.1,42349.49,,20.87,4.35,63.0,Lucerne
2023-08-25,30.3,19.3,1.6,1.6,0.0,0.0,10.4,26.3,45339.52,,19.94,3.95,53.0,Lucerne
2023-08-26,21.6,16.1,18.7,18.7,0.0,0.0,8.4,23.0,14066.8,,7.84,1.5,63.0,Lucerne
2023-08-27,19.5,15.6,17.7,17.7,0.0,0.0,7.0,17.6,1585.49,,5.64,1.22,63.0,Lucerne
2023-08-28,15.3,13.1,51.5,51.5,0.0,0.0,13.7,33.8,0.0,,2.38,0.68,63.0,Lucerne
2023-08-29,14.4,12.0,12.2,12.2,0.0,0.0,5.2,19.1,0.0,,5.52,1.06,61.0,Lucerne
2023-08-30,18.5,11.4,0.4,0.4,0.0,0.0,5.7,16.6,44446.22,,17.08,2.83,51.0,Lucerne
2023-08-31,18.1,11.9,1.2,1.2,0.0,0.0,6.4,23.8,28874.25,,13.2,2.2,51.0,Lucerne
2023-09-01,24.4,14.4,0.8,0.8,0.0,0.0,5.9,12.6,41843.79,,19.61,3.55,53.0,Lucerne
2023-09-02,25.6,14.0,0.0,0.0,0.0,0.0,5.7,15.5,44335.62,,20.12,3.67,3.0,Lucerne
2023-09-03,25.5,17.1,0.0,0.0,0.0,0.0,6.9,18.0,42326.05,,19.74,3.61,3.0,Lucerne
2023-09-04,25.3,15.2,0.0,0.0,0.0,0.0,6.0,16.9,41496.57,,19.83,3.52,3.0,Lucerne
2023-09-05,25.6,13.5,0.0,0.0,0.0,0.0,5.6,15.1,43759.22,,20.72,3.66,2.0,Lucerne
2023-09-06,26.2,14.3,0.0,0.0,0.0,0.0,5.4,14.8,43228.86,,20.35,3.67,0.0,Lucerne
2023-09-07,27.0,16.4,0.0,0.0,0.0,0.0,3.4,13.3,42313.14,,19.83,3.66,3.0,Lucerne
2023-09-08,28.0,18.3,0.0,0.0,0.0,0.0,4.3,12.6,42100.07,,18.95,3.6,1.0,Lucerne
2023-09-09,28.4,18.9,0.0,0.0,0.0,0.0,5.0,12.6,42267.79,,19.18,3.67,0.0,Lucerne
2023-09-10,28.3,19.1,0.0,0.0,0.0,0.0,4.6,13.7,42072.61,,19.1,3.64,0.0,Lucerne
2023-09-11,28.3,17.3,0.0,0.0,0.0,0.0,6.0,14.0,41616.82,,18.99,3.67,3.0,Lucerne
2023-09-12,26.5,17.6,2.0,2.0,0.0,0.0,12.9,29.9,37663.46,,15.25,2.99,61.0,Lucerne
2023-09-13,21.6,17.4,16.6,16.6,0.0,0.0,6.7,18.0,24264.68,,11.58,2.12,63.0,Lucerne
2023-09-14,21.4,15.4,2.9,2.9,0.0,0.0,7.1,18.7,32910.59,,12.62,2.23,53.0,Lucerne
2023-09-15,23.2,14.6,0.4,0.4,0.0,0.0,5.7,14.8,36739.88,,14.3,2.52,51.0,Lucerne
2023-09-16,24.5,14.4,0.0,0.0,0.0,0.0,7.3,17.3,38341.31,,16.27,2.93,3.0,Lucerne
2023-09-17,26.0,18.1,0.0,0.0,0.0,0.0,9.0,15.5,39878.32,,15.96,2.92,3.0,Lucerne
2023-09-18,21.0,17.1,6.6,6.6,0.0,0.0,9.8,33.1,8370.19,,6.59,1.26,61.0,Lucerne
2023-09-19,21.5,15.6,4.3,4.3,0.0,0.0,6.0,19.4,36178.11,,13.22,2.28,61.0,Lucerne
2023-09-20,21.8,14.4,0.0,0.0,0.0,0.0,7.7,20.2,40177.94,,16.51,2.84,3.0,Lucerne
2023-09-21,22.7,15.2,4.8,4.8,0.0,0.0,11.2,24.8,33152.23,,15.17,2.69,61.0,Lucerne
2023-09-22,16.7,12.6,32.2,32.2,0.0,0.0,9.2,22.7,27873.24,,9.09,1.58,63.0,Lucerne
2023-09-23,15.3,11.5,10.4,10.4,0.0,0.0,5.8,18.7,25019.62,,10.36,1.66,61.0,Lucerne
2023-09-24,18.3,8.6,0.1,0.1,0.0,0.0,11.0,25.6,39106.21,,15.01,2.33,51.0,Lucerne
2023-09-25,18.9,8.3,0.0,0.0,0.0,0.0,5.0,14.0,38982.54,,16.53,2.53,3.0,Lucerne
2023-09-26,21.0,9.6,0.0,0.0,0.0,0.0,4.7,14.0,39032.58,,16.97,2.69,3.0,Lucerne
2023-09-27,21.2,11.4,0.0,0.0,0.0,0.0,6.1,18.0,38735.48,,16.26,2.68,3.0,Lucerne
2023-09-28,24.1,13.3,0.0,0.0,0.0,0.0,6.1,13.3,38612.35,,16.03,2.81,3.0,Lucerne
2023-09-29,25.7,11.9,0.0,0.0,0.0,0.0,7.6,18.4,38036.18,,15.03,2.84,3.0,Lucerne
2023-09-30,20.9,16.0,0.7,0.7,0.0,0.0,5.4,16.2,12071.1,,7.76,1.47,51.0,Lucerne
2023-10-01,21.7,13.7,0.0,0.0,0.0,0.0,4.3,14.8,38245.93,,15.47,2.49,3.0,Lucerne
2023-10-02,24.4,12.4,0.0,0.0,0.0,0.0,5.3,11.9,38125.2,,15.75,2.75,3.0,Lucerne
2023-10-03,25.9,12.4,25.9,25.9,0.0,0.0,12.6,32.4,32400.0,,14.21,2.63,65.0,Lucerne
2023-10-04,18.6,12.1,0.1,0.1,0.0,0.0,5.5,16.9,28021.34,,11.74,1.95,51.0,Lucerne
2023-10-05,18.9,10.5,0.0,0.0,0.0,0.0,5.4,14.4,35811.66,,13.17,2.06,3.0,Lucerne
2023-10-06,19.7,8.4,0.0,0.0,0.0,0.0,5.4,13.0,35911.99,,13.85,2.15,3.0,Lucerne
2023-10-07,20.3,11.1,0.0,0.0,0.0,0.0,4.7,15.1,36898.45,,12.65,2.07,3.0,Lucerne
2023-10-08,24.2,13.3,0.0,0.0,0.0,0.0,6.4,11.5,36916.86,,13.98,2.41,2.0,Lucerne
2023-10-09,25.2,11.4,0.0,0.0,0.0,0.0,8.2,14.8,36154.51,,13.85,2.47,3.0,Lucerne
2023-10-10,23.6,12.7,0.0,0.0,0.0,0.0,6.6,15.1,35856.88,,12.83,2.27,3.0,Lucerne
2023-10-11,23.7,11.4,0.0,0.0,0.0,0.0,7.3,14.4,36033.08,,13.83,2.42,0.0,Lucerne
2023-10-12,25.2,11.0,0.0,0.0,0.0,0.0,7.4,16.6,34691.13,,13.02,2.38,3.0,Lucerne
2023-10-13,23.8,10.5,0.0,0.0,0.0,0.0,8.0,13.7,35635.86,,13.39,2.4,3.0,Lucerne
2023-10-14,20.4,11.7,8.3,8.3,0.0,0.0,17.3,43.6,27871.62,,8.78,1.62,63.0,Lucerne
2023-10-15,11.8,9.2,3.9,3.9,0.0,0.0,9.7,22.3,10800.0,,5.57,0.92,53.0,Lucerne
2023-10-16,11.7,4.9,0.0,0.0,0.0,0.0,5.6,14.4,33881.91,,11.56,1.45,3.0,Lucerne
2023-10-17,13.2,4.9,0.0,0.0,0.0,0.0,4.7,15.5,34945.35,,11.16,1.45,3.0,Lucerne
2023-10-18,15.1,7.7,0.0,0.0,0.0,0.0,8.9,22.7,31345.64,,8.52,1.25,3.0,Lucerne
2023-10-19,17.0,10.7,1.2,1.2,0.0,0.0,6.3,19.1,20546.93,,8.48,1.35,53.0,Lucerne
2023-10-20,16.1,11.5,10.0,10.0,0.0,0.0,6.6,24.1,421.77,,3.1,0.61,61.0,Lucerne
2023-10-21,15.1,10.2,7.6,7.6,0.0,0.0,10.5,24.1,18353.08,,5.86,0.93,61.0,Lucerne
2023-10-22,14.8,8.5,0.0,0.0,0.0,0.0,7.2,15.8,34273.38,,10.39,1.47,3.0,Lucerne
2023-10-23,16.4,7.3,0.0,0.0,0.0,0.0,7.2,18.7,21289.94,,7.63,1.12,3.0,Lucerne
2023-10-24,12.9,9.9,14.5,14.5,0.0,0.0,6.3,13.7,0.0,,2.08,0.44,63.0,Lucerne
2023-10-25,16.6,9.9,10.3,10.3,0.0,0.0,8.7,23.8,23437.49,,8.02,1.21,63.0,Lucerne
2023-10-26,16.0,11.7,16.3,16.3,0.0,0.0,6.8,21.2,388.73,,4.17,0.75,63.0,Lucerne
2023-10-27,16.0,9.1,13.7,13.7,0.0,0.0,16.3,42.1,32721.85,,9.87,1.62,63.0,Lucerne
2023-10-28,14.7,6.2,0.1,0.1,0.0,0.0,7.6,16.2,32164.09,,8.74,1.25,51.0,Lucerne
2023-10-29,19.5,7.2,0.0,0.0,0.0,0.0,8.2,17.3,32601.3,,9.05,1.46,3.0,Lucerne
2023-10-30,15.2,7.7,14.0,14.0,0.0,0.0,7.3,17.3,18641.26,,6.03,0.88,63.0,Lucerne
2023-10-31,13.4,8.4,9.5,9.5,0.0,0.0,7.6,24.1,10900.96,,4.28,0.75,63.0,Lucerne
2023-11-01,12.5,6.0,0.0,0.0,0.0,0.0,7.2,18.4,24460.61,,7.61,1.04,3.0,Lucerne
2023-11-02,10.6,5.8,10.6,10.6,0.0,0.0,8.4,27.4,0.0,,1.91,0.38,61.0,Lucerne
2023-11-03,9.3,6.1,4.2,4.2,0.0,0.0,5.4,23.0,16543.31,,5.42,0.74,53.0,Lucerne
2023-11-04,10.7,5.5,12.6,12.1,0.0,0.35,10.7,27.7,11384.31,,4.51,0.65,73.0,Lucerne
2023-11-05,13.8,4.3,4.6,4.6,0.0,0.0,18.4,48.6,25126.74,,6.31,1.17,61.0,Lucerne
2023-11-06,12.2,3.7,2.4,2.4,0.0,0.0,6.9,19.4,23633.14,,6.72,0.88,61.0,Lucerne
2023-11-07,11.5,4.2,2.3,2.2,0.0,0.07,11.9,29.5,21706.06,,7.38,0.91,71.0,Lucerne
2023-11-08,10.8,2.4,0.0,0.0,0.0,0.0,7.1,13.7,30569.84,,8.99,1.07,2.0,Lucerne
2023-11-09,9.7,1.8,1.4,1.4,0.0,0.0,7.0,13.7,375.13,,2.81,0.55,55.0,Lucerne
2023-11-10,9.7,2.5,8.2,7.8,0.0,0.28,8.4,29.2,18574.02,,4.55,0.63,73.0,Lucerne
2023-11-11,8.7,3.6,19.1,15.6,0.0,2.45,13.5,36.4,26388.82,,5.72,0.74,73.0,Lucerne
2023-11-12,11.3,2.2,6.0,5.2,0.0,0.56,18.3,42.5,0.0,,1.29,0.41,73.0,Lucerne
2023-11-13,14.2,7.8,10.2,10.2,0.0,0.0,7.1,31.7,0.0,,1.45,0.43,63.0,Lucerne
2023-11-14,12.7,8.9,55.7,55.7,0.0,0.0,15.2,45.7,0.0,,0.6,0.31,63.0,Lucerne
2023-11-15,11.8,5.8,10.5,10.5,0.0,0.0,17.0,44.6,29297.76,,6.22,1.06,63.0,Lucerne
2023-11-16,11.7,2.7,12.9,12.9,0.0,0.0,19.4,43.6,4633.37,,2.69,0.47,63.0,Lucerne
2023-11-17,11.6,4.9,14.5,13.1,0.0,0.98,27.4,64.1,734.54,,1.2,0.55,73.0,Lucerne
2023-11-18,8.6,1.6,4.9,4.9,0.0,0.0,4.7,11.2,10236.42,,2.87,0.4,61.0,Lucerne
2023-11-19,14.3,7.1,19.7,19.7,0.0,0.0,8.5,22.0,9789.16,,3.19,0.54,65.0,Lucerne
2023-11-20,13.3,5.4,0.1,0.1,0.0,0.0,9.2,20.9,21349.05,,5.81,0.83,51.0,Lucerne
2023-11-21,8.6,6.3,8.5,8.0,0.0,0.35,6.1,14.4,4780.17,,2.42,0.38,73.0,Lucerne
2023-11-22,7.0,3.6,4.6,4.6,0.0,0.0,12.1,27.4,0.0,,1.57,0.33,53.0,Lucerne
2023-11-23,7.3,3.0,0.0,0.0,0.0,0.0,5.8,14.4,27679.06,,5.66,0.6,3.0,Lucerne
2023-11-24,10.7,0.6,6.9,5.8,0.0,0.77,19.5,45.4,8154.57,,2.19,0.61,73.0,Lucerne
2023-11-25,3.9,0.8,2.8,0.2,0.0,1.82,16.2,37.4,20461.65,,4.65,0.74,73.0,Lucerne
2023-11-26,5.2,2.0,2.1,0.7,0.0,0.98,14.4,35.6,19387.93,,3.83,0.59,73.0,Lucerne
2023-11-27,5.6,0.9,4.8,4.0,0.0,0.56,5.7,14.0,0.0,,1.68,0.3,73.0,Lucerne
2023-11-28,5.2,1.2,15.7,13.2,0.0,1.75,15.7,39.6,170.98,,1.68,0.34,73.0,Lucerne
2023-11-29,4.9,-2.9,0.0,0.0,0.0,0.0,6.0,14.0,27324.62,,6.36,0.61,3.0,Lucerne
2023-11-30,6.2,0.9,24.7,15.5,0.0,6.44,7.0,16.2,0.0,,0.88,0.19,75.0,Lucerne
2023-12-01,6.7,1.6,30.3,25.9,0.0,3.08,6.2,13.0,0.0,,0.87,0.2,73.0,Lucerne
2023-12-02,1.7,-4.4,20.4,0.4,0.0,14.0,9.2,22.7,0.0,,1.06,0.21,75.0,Lucerne
2023-12-03,-1.2,-6.3,0.1,0.0,0.0,0.07,6.4,15.5,26703.49,,5.89,0.4,71.0,Lucerne
2023-12-04,4.0,-6.5,0.0,0.0,0.0,0.0,7.0,15.8,2231.41,,3.0,0.36,3.0,Lucerne
2023-12-05,5.7,1.1,3.4,1.6,0.0,1.26,8.1,15.5,21600.0,,5.82,0.6,73.0,Lucerne
2023-12-06,5.8,2.2,6.0,4.9,0.0,0.77,5.8,14.0,16060.62,,3.29,0.37,73.0,Lucerne
2023-12-07,3.3,-0.4,0.0,0.0,0.0,0.0,5.6,13.7,23232.36,,3.47,0.32,3.0,Lucerne
2023-12-08,6.8,0.1,7.0,7.0,0.0,0.0,6.7,15.8,0.0,,0.91,0.22,53.0,Lucerne
2023-12-09,7.2,2.7,15.1,15.1,0.0,0.0,5.9,32.8,4984.19,,2.1,0.29,63.0,Lucerne
2023-12-10,10.2,5.1,4.6,4.6,0.0,0.0,22.1,52.9,22157.46,,4.35,0.85,61.0,Lucerne
2023-12-11,9.7,4.3,46.5,46.5,0.0,0.0,6.6,31.7,0.0,,0.54,0.23,63.0,Lucerne
2023-12-12,10.4,7.4,34.3,34.3,0.0,0.0,6.7,25.9,2287.54,,1.56,0.31,63.0,Lucerne
2023-12-13,9.5,4.5,17.6,17.6,0.0,0.0,9.4,24.1,13746.95,,3.47,0.47,63.0,Lucerne
2023-12-14,7.1,4.3,10.8,10.8,0.0,0.0,6.2,16.6,3475.98,,1.52,0.3,61.0,Lucerne
2023-12-15,5.7,3.8,2.0,2.0,0.0,0.0,8.0,19.8,3838.02,,2.02,0.29,53.0,Lucerne
2023-12-16,3.9,0.7,0.0,0.0,0.0,0.0,5.9,13.7,21676.26,,4.0,0.37,3.0,Lucerne
2023-12-17,2.9,0.4,0.0,0.0,0.0,0.0,4.7,13.7,24764.66,,3.92,0.34,3.0,Lucerne
2023-12-18,7.9,1.0,0.0,0.0,0.0,0.0,4.8,11.5,25427.63,,5.09,0.5,3.0,Lucerne
2023-12-19,8.1,-0.7,0.0,0.0,0.0,0.0,8.1,18.7,25827.49,,5.81,0.61,2.0,Lucerne
2023-12-20,5.8,1.9,7.6,7.6,0.0,0.0,8.4,18.4,0.0,,0.87,0.23,61.0,Lucerne
2023-12-21,10.2,3.0,2.2,2.2,0.0,0.0,26.8,61.2,0.0,,0.83,0.65,53.0,Lucerne
2023-12-22,8.3,6.4,9.8,9.8,0.0,0.0,22.8,53.3,0.0,,0.55,0.64,61.0,Lucerne
2023-12-23,10.7,2.4,1.0,1.0,0.0,0.0,19.1,43.6,21609.1,,5.06,1.09,51.0,Lucerne
2023-12-24,11.3,0.2,3.7,3.7,0.0,0.0,7.2,16.9,14871.31,,3.9,0.52,61.0,Lucerne
2023-12-25,10.3,5.2,0.0,0.0,0.0,0.0,7.2,16.6,25595.04,,5.76,0.64,3.0,Lucerne
2023-12-26,8.4,2.8,0.0,0.0,0.0,0.0,7.6,16.6,25308.68,,5.45,0.59,3.0,Lucerne
2023-12-27,9.0,-0.4,0.0,0.0,0.0,0.0,4.3,11.9,25200.0,,5.57,0.58,3.0,Lucerne
2023-12-28,8.9,-0.4,0.0,0.0,0.0,0.0,6.4,13.0,7085.83,,2.78,0.46,3.0,Lucerne
2023-12-29,11.9,4.2,0.5,0.5,0.0,0.0,8.2,15.8,21600.0,,4.32,0.61,51.0,Lucerne
2023-12-30,9.9,2.7,0.1,0.1,0.0,0.0,6.5,14.4,25614.99,,5.84,0.62,51.0,Lucerne
2023-12-31,9.9,0.1,6.2,6.1,0.0,0.07,12.6,27.0,18000.0,,4.34,0.53,71.0,Lucerne
2024-01-01,7.5,0.9,0.4,0.4,0.0,0.0,6.8,16.2,15865.64,,4.35,0.48,51.0,Lucerne
2024-01-02,8.4,0.7,3.3,3.3,0.0,0.0,6.3,16.2,3600.0,,1.54,0.31,53.0,Lucerne
2024-01-03,12.3,4.6,1.0,1.0,0.0,0.0,17.9,44.3,24281.14,,4.37,0.86,51.0,Lucerne
2024-01-04,10.7,1.9,4.8,4.8,0.0,0.0,18.4,48.6,22848.37,,5.1,1.05,55.0,Lucerne
2024-01-05,7.0,1.8,2.6,2.6,0.0,0.0,5.1,9.7,0.0,,1.81,0.29,53.0,Lucerne
2024-01-06,4.3,2.0,15.7,13.4,0.0,1.61,4.3,12.6,0.0,,1.29,0.22,73.0,Lucerne
2024-01-07,2.4,0.5,12.7,3.8,0.0,6.23,11.8,26.3,0.0,,1.0,0.18,73.0,Lucerne
2024-01-08,0.2,-2.2,2.0,0.0,0.0,1.47,14.7,33.1,0.0,,1.77,0.33,71.0,Lucerne
2024-01-09,-1.7,-3.0,1.7,0.0,0.0,1.26,4.1,12.2,1170.57,,2.17,0.24,71.0,Lucerne
2024-01-10,-0.2,-4.3,0.7,0.0,0.0,0.49,4.6,14.8,18497.9,,4.03,0.33,71.0,Lucerne
2024-01-11,-0.7,-3.2,0.0,0.0,0.0,0.0,6.0,16.9,8059.89,,2.64,0.26,3.0,Lucerne
2024-01-12,0.2,-3.1,0.0,0.0,0.0,0.0,4.8,15.5,19589.98,,3.77,0.33,3.0,Lucerne
2024-01-13,1.2,-4.0,0.0,0.0,0.0,0.0,6.2,19.1,26835.52,,5.93,0.47,3.0,Lucerne
2024-01-14,5.6,-5.2,0.1,0.1,0.0,0.0,5.5,14.4,22406.33,,6.26,0.6,51.0,Lucerne
2024-01-15,4.1,-0.6,2.6,2.3,0.0,0.28,6.9,16.9,97.06,,1.28,0.24,71.0,Lucerne
2024-01-16,2.8,-1.8,0.0,0.0,0.0,0.0,6.5,15.5,27816.12,,6.27,0.55,3.0,Lucerne
2024-01-17,9.5,1.4,12.3,12.2,0.0,0.07,8.4,15.8,10805.69,,3.55,0.54,71.0,Lucerne
2024-01-18,10.5,0.3,18.1,12.3,0.0,4.06,16.5,42.5,0.0,,1.64,0.33,75.0,Lucerne
2024-01-19,0.2,-5.7,6.4,0.0,0.0,4.48,7.9,19.1,22322.62,,5.0,0.45,75.0,Lucerne
2024-01-20,-1.8,-7.1,0.0,0.0,0.0,0.0,6.6,13.0,27975.71,,6.19,0.44,3.0,Lucerne
2024-01-21,4.4,-8.0,0.0,0.0,0.0,0.0,9.7,16.2,25391.49,,6.25,0.56,3.0,Lucerne
2024-01-22,9.9,-4.5,6.9,6.9,0.0,0.0,10.9,32.8,4364.61,,3.07,0.52,61.0,Lucerne
2024-01-23,9.9,4.4,6.2,6.2,0.0,0.0,11.4,27.7,18228.81,,5.32,0.85,61.0,Lucerne
2024-01-24,13.6,6.6,1.5,1.5,0.0,0.0,11.3,27.0,3757.8,,2.8,0.63,53.0,Lucerne
2024-01-25,11.3,6.3,7.1,7.1,0.0,0.0,7.9,23.0,10800.0,,3.05,0.46,55.0,Lucerne
2024-01-26,10.5,3.4,9.7,9.7,0.0,0.0,7.6,16.2,8802.66,,2.81,0.44,63.0,Lucerne
2024-01-27,8.2,3.9,0.3,0.3,0.0,0.0,7.4,15.8,25795.43,,5.12,0.57,51.0,Lucerne
2024-01-28,5.8,1.1,0.0,0.0,0.0,0.0,5.6,16.6,28521.87,,6.07,0.61,3.0,Lucerne
2024-01-29,8.3,0.3,0.0,0.0,0.0,0.0,4.9,14.0,28955.9,,6.43,0.77,3.0,Lucerne
2024-01-30,11.3,1.6,0.0,0.0,0.0,0.0,3.7,12.6,25669.52,,6.96,0.89,3.0,Lucerne
2024-01-31,9.6,1.6,0.0,0.0,0.0,0.0,5.5,11.2,28980.7,,6.79,0.81,3.0,Lucerne
2024-02-01,7.7,-0.5,4.1,4.1,0.0,0.0,6.8,12.2,0.0,,1.64,0.34,53.0,Lucerne
2024-02-02,9.8,2.7,2.2,2.2,0.0,0.0,4.8,13.3,15561.76,,5.01,0.63,53.0,Lucerne
2024-02-03,10.3,2.0,0.0,0.0,0.0,0.0,8.4,15.5,30927.93,,8.95,1.03,3.0,Lucerne
2024-02-04,9.3,2.3,0.0,0.0,0.0,0.0,7.2,18.7,29555.88,,8.01,0.91,3.0,Lucerne
2024-02-05,9.0,2.8,0.0,0.0,0.0,0.0,6.5,13.7,31209.12,,9.32,1.03,3.0,Lucerne
2024-02-06,8.4,0.7,0.0,0.0,0.0,0.0,7.0,16.6,31294.52,,9.43,1.05,3.0,Lucerne
2024-02-07,12.3,0.7,0.9,0.9,0.0,0.0,8.1,19.4,28342.95,,6.81,1.0,53.0,Lucerne
2024-02-08,11.9,5.6,6.6,6.6,0.0,0.0,7.2,16.9,13876.54,,4.88,0.71,61.0,Lucerne
2024-02-09,9.0,6.3,0.5,0.5,0.0,0.0,6.1,12.2,15.65,,2.23,0.43,51.0,Lucerne
2024-02-10,12.8,5.9,0.1,0.1,0.0,0.0,6.2,14.0,12249.62,,5.48,0.81,51.0,Lucerne
2024-02-11,10.1,3.3,3.5,3.5,0.0,0.0,12.1,31.3,24691.15,,6.69,0.95,53.0,Lucerne
2024-02-12,7.9,2.0,2.6,2.6,0.0,0.0,7.3,16.6,13835.5,,6.01,0.77,53.0,Lucerne
2024-02-13,9.6,0.9,2.6,2.6,0.0,0.0,5.8,15.8,29983.14,,8.7,1.07,53.0,Lucerne
2024-02-14,14.2,0.1,0.0,0.0,0.0,0.0,6.4,13.7,27361.05,,9.04,1.35,3.0,Lucerne
2024-02-15,14.1,2.5,0.0,0.0,0.0,0.0,6.1,12.6,24735.9,,9.02,1.28,3.0,Lucerne
2024-02-16,15.8,3.1,0.0,0.0,0.0,0.0,5.9,15.5,27854.09,,8.78,1.32,3.0,Lucerne
2024-02-17,11.0,8.1,2.6,2.6,0.0,0.0,5.5,13.0,0.0,,2.13,0.42,53.0,Lucerne
2024-02-18,12.0,7.3,0.0,0.0,0.0,0.0,5.2,15.1,20609.11,,6.71,0.94,3.0,Lucerne
2024-02-19,11.2,6.3,27.1,27.1,0.0,0.0,7.4,20.2,26565.71,,6.27,0.92,63.0,Lucerne
2024-02-20,9.3,4.9,4.6,4.6,0.0,0.0,7.1,15.5,27757.09,,7.52,1.0,55.0,Lucerne
2024-02-21,11.2,3.5,0.1,0.1,0.0,0.0,4.8,14.8,22597.13,,8.49,1.15,51.0,Lucerne
2024-02-22,9.1,6.6,11.4,11.4,0.0,0.0,7.7,16.6,0.0,,1.74,0.41,61.0,Lucerne
2024-02-23,7.7,3.8,7.9,7.7,0.0,0.14,12.0,30.6,27959.1,,8.93,1.05,71.0,Lucerne
2024-02-24,8.6,-0.2,0.4,0.0,0.0,0.28,6.9,18.4,33363.75,,12.13,1.39,73.0,Lucerne
2024-02-25,10.8,-1.9,0.0,0.0,0.0,0.0,7.6,18.4,33427.11,,13.09,1.64,3.0,Lucerne
2024-02-26,10.3,3.2,0.0,0.0,0.0,0.0,5.9,16.9,15043.93,,6.94,0.93,3.0,Lucerne
2024-02-27,8.6,3.3,1.8,1.8,0.0,0.0,8.2,18.7,2203.27,,5.02,0.69,51.0,Lucerne
2024-02-28,8.9,5.6,1.6,1.6,0.0,0.0,7.6,17.6,1304.9,,4.42,0.67,51.0,Lucerne
2024-02-29,8.3,3.5,0.0,0.0,0.0,0.0,5.1,16.6,31181.39,,10.04,1.18,3.0,Lucerne
2024-03-01,8.0,2.5,7.9,7.9,0.0,0.0,5.2,14.0,1558.64,,4.65,0.68,55.0,Lucerne
2024-03-02,11.4,3.9,0.2,0.2,0.0,0.0,7.4,19.1,33249.55,,12.75,1.6,51.0,Lucerne
2024-03-03,15.0,3.9,0.0,0.0,0.0,0.0,15.0,33.1,28418.82,,10.13,1.88,3.0,Lucerne
2024-03-04,9.7,6.0,0.2,0.2,0.0,0.0,5.4,13.3,6328.47,,5.79,0.87,51.0,Lucerne
2024-03-05,8.1,4.7,8.0,8.0,0.0,0.0,7.3,15.8,1350.35,,4.08,0.67,55.0,Lucerne
2024-03-06,4.8,1.7,32.3,18.8,0.0,9.45,5.2,13.7,0.0,,2.75,0.42,75.0,Lucerne
2024-03-07,7.2,1.8,0.5,0.5,0.0,0.0,5.9,14.4,34708.43,,8.54,1.04,51.0,Lucerne
2024-03-08,10.0,0.4,0.0,0.0,0.0,0.0,7.6,19.8,33922.48,,13.38,1.49,3.0,Lucerne
2024-03-09,14.7,1.3,0.0,0.0,0.0,0.0,12.0,29.9,27532.9,,13.08,2.05,3.0,Lucerne
2024-03-10,12.0,4.2,12.3,12.3,0.0,0.0,12.3,32.8,12857.83,,6.3,1.25,63.0,Lucerne
2024-03-11,12.1,0.6,3.8,3.8,0.0,0.0,6.4,16.2,38475.54,,14.38,1.89,61.0,Lucerne
2024-03-12,9.6,3.2,7.4,6.8,0.0,0.42,7.3,20.5,18078.99,,6.79,1.0,73.0,Lucerne
2024-03-13,10.0,5.8,12.6,12.6,0.0,0.0,5.5,14.8,262.93,,2.84,0.55,61.0,Lucerne
2024-03-14,15.7,3.5,0.0,0.0,0.0,0.0,5.8,14.8,38981.45,,15.27,2.19,3.0,Lucerne
2024-03-15,17.0,5.0,12.8,12.8,0.0,0.0,14.4,31.7,27899.66,,12.15,1.91,63.0,Lucerne
2024-03-16,14.2,6.6,21.6,21.6,0.0,0.0,15.1,39.6,34138.03,,11.87,1.81,63.0,Lucerne
2024-03-17,13.3,4.8,0.4,0.4,0.0,0.0,5.4,14.8,13413.76,,7.14,1.11,51.0,Lucerne
2024-03-18,10.9,7.0,23.6,23.6,0.0,0.0,7.2,15.1,3164.32,,2.05,0.48,63.0,Lucerne
2024-03-19,14.9,5.6,0.4,0.4,0.0,0.0,4.4,15.8,39581.4,,15.96,2.22,51.0,Lucerne
2024-03-20,17.5,3.0,0.0,0.0,0.0,0.0,6.7,16.6,39642.5,,17.02,2.54,3.0,Lucerne
2024-03-21,16.6,5.6,8.6,8.6,0.0,0.0,8.7,21.6,24847.21,,10.43,1.76,61.0,Lucerne
2024-03-22,18.0,4.5,0.0,0.0,0.0,0.0,8.1,15.8,39777.04,,16.52,2.58,3.0,Lucerne
2024-03-23,10.4,2.7,8.6,8.5,0.0,0.07,18.4,50.8,20204.58,,9.35,1.43,71.0,Lucerne
2024-03-24,8.0,2.3,6.2,4.8,0.0,0.98,16.6,41.8,32667.69,,11.83,1.58,73.0,Lucerne
2024-03-25,12.2,1.2,0.2,0.2,0.0,0.0,8.1,20.2,39329.97,,18.91,2.44,51.0,Lucerne
2024-03-26,15.7,3.0,0.0,0.0,0.0,0.0,10.9,27.7,38959.41,,17.96,2.79,3.0,Lucerne
2024-03-27,10.6,3.6,8.5,8.5,0.0,0.0,12.8,28.8,10777.93,,6.45,0.96,61.0,Lucerne
2024-03-28,11.9,1.2,3.0,3.0,0.0,0.0,13.0,34.9,19348.88,,11.34,1.66,61.0,Lucerne
2024-03-29,18.7,1.5,0.0,0.0,0.0,0.0,10.2,24.1,36178.79,,14.67,2.47,3.0,Lucerne
2024-03-30,19.1,8.4,2.9,2.9,0.0,0.0,14.7,45.7,38492.52,,15.61,2.92,53.0,Lucerne
2024-03-31,18.0,6.4,1.4,1.4,0.0,0.0,8.3,23.4,29485.47,,14.89,2.39,53.0,Lucerne
2024-04-01,10.3,6.1,21.8,21.8,0.0,0.0,9.4,33.8,8222.12,,6.94,1.04,63.0,Lucerne
2024-04-02,13.6,2.9,0.8,0.8,0.0,0.0,15.3,37.8,41300.37,,18.21,2.58,51.0,Lucerne
2024-04-03,12.7,1.8,2.2,2.2,0.0,0.0,6.5,17.6,13262.43,,9.18,1.41,55.0,Lucerne
2024-04-04,18.7,5.6,4.4,4.4,0.0,0.0,8.6,23.0,20263.51,,10.55,1.79,63.0,Lucerne
2024-04-05,21.6,5.5,0.0,0.0,0.0,0.0,8.4,19.4,41366.58,,19.51,3.37,3.0,Lucerne
2024-04-06,23.8,6.8,0.0,0.0,0.0,0.0,8.4,14.4,43726.64,,21.38,3.63,3.0,Lucerne
2024-04-07,22.6,7.2,0.0,0.0,0.0,0.0,8.0,16.6,41620.55,,19.88,3.5,3.0,Lucerne
2024-04-08,25.4,8.5,0.0,0.0,0.0,0.0,8.8,21.2,44115.68,,20.54,3.89,3.0,Lucerne
2024-04-09,15.8,6.3,13.3,13.3,0.0,0.0,14.8,37.1,160.52,,5.26,1.04,61.0,Lucerne
2024-04-10,9.8,5.6,4.0,4.0,0.0,0.0,10.7,25.9,18011.01,,11.14,1.56,53.0,Lucerne
2024-04-11,15.4,4.9,0.0,0.0,0.0,0.0,6.7,19.4,44695.44,,21.48,3.04,3.0,Lucerne
2024-04-12,19.2,4.0,0.0,0.0,0.0,0.0,4.7,17.3,44887.19,,21.73,3.4,3.0,Lucerne
2024-04-13,22.4,8.8,0.0,0.0,0.0,0.0,5.2,13.3,43766.52,,22.09,3.73,3.0,Lucerne
2024-04-14,25.7,8.1,0.0,0.0,0.0,0.0,6.4,14.0,45267.66,,22.84,4.17,3.0,Lucerne
2024-04-15,18.8,10.1,11.6,11.6,0.0,0.0,18.7,50.0,29746.15,,13.68,2.68,63.0,Lucerne
2024-04-16,11.9,5.4,13.2,12.4,0.0,0.56,19.5,46.4,38250.89,,19.55,2.9,73.0,Lucerne
2024-04-17,7.2,3.9,13.7,10.3,0.0,2.38,11.3,29.2,1283.66,,6.07,0.94,75.0,Lucerne
2024-04-18,6.2,2.4,19.1,7.1,0.0,8.4,7.0,18.7,19751.58,,10.12,1.3,75.0,Lucerne
2024-04-19,8.5,3.0,9.8,9.6,0.0,0.14,11.5,27.4,322.8,,5.94,1.06,71.0,Lucerne
2024-04-20,7.1,2.9,11.1,8.6,0.0,1.75,12.2,27.4,17730.18,,9.9,1.26,73.0,Lucerne
2024-04-21,4.9,2.5,10.4,6.4,0.0,2.8,7.8,20.9,4214.31,,7.34,0.94,73.0,Lucerne
2024-04-22,5.7,0.9,6.8,2.4,0.0,3.08,14.5,33.5,4273.18,,9.41,1.15,73.0,Lucerne
2024-04-23,5.5,1.7,4.7,3.6,0.0,0.77,11.2,27.7,3327.46,,7.1,0.97,73.0,Lucerne
2024-04-24,8.9,2.5,10.0,5.7,0.0,3.01,13.4,31.7,22548.95,,14.21,1.83,75.0,Lucerne
2024-04-25,9.3,2.2,4.7,2.2,0.0,1.75,8.2,18.4,45942.16,,16.28,2.1,73.0,Lucerne
2024-04-26,14.0,0.4,0.0,0.0,0.0,0.0,6.6,19.4,38550.77,,21.55,3.08,3.0,Lucerne
2024-04-27,17.6,3.5,0.0,0.0,0.0,0.0,13.0,32.4,46575.15,,24.91,3.88,3.0,Lucerne
2024-04-28,17.0,7.1,0.8,0.8,0.0,0.0,18.3,40.3,21858.51,,15.73,2.46,51.0,Lucerne
2024-04-29,18.3,5.6,0.0,0.0,0.0,0.0,8.4,16.6,46828.12,,23.09,3.51,3.0,Lucerne
2024-04-30,23.6,6.6,0.0,0.0,0.0,0.0,8.9,21.2,46992.2,,24.36,4.33,3.0,Lucerne
2024-05-01,23.2,7.3,0.0,0.0,0.0,0.0,15.1,37.4,35210.34,,19.39,3.91,3.0,Lucerne
2024-05-02,16.8,8.4,4.4,4.4,0.0,0.0,14.5,33.1,23127.49,,14.26,2.42,63.0,Lucerne
2024-05-03,12.9,9.2,3.9,3.9,0.0,0.0,8.0,19.4,13618.61,,10.17,1.7,53.0,Lucerne
2024-05-04,16.8,6.7,0.3,0.3,0.0,0.0,5.8,15.8,46916.06,,22.51,3.37,51.0,Lucerne
2024-05-05,20.3,8.6,1.1,1.1,0.0,0.0,6.0,19.8,30430.92,,18.23,3.15,51.0,Lucerne
2024-05-06,15.7,9.7,12.6,12.6,0.0,0.0,12.0,29.9,8571.81,,7.74,1.34,61.0,Lucerne
2024-05-07,12.0,10.5,17.2,17.2,0.0,0.0,5.1,15.5,0.0,,5.0,0.97,63.0,Lucerne
2024-05-08,14.5,9.1,8.1,8.1,0.0,0.0,7.1,16.6,20769.74,,12.27,1.98,61.0,Lucerne
2024-05-09,17.1,8.7,0.1,0.1,0.0,0.0,9.4,23.8,16250.64,,13.5,2.31,51.0,Lucerne
2024-05-10,20.8,5.7,0.0,0.0,0.0,0.0,6.0,18.7,47051.91,,25.94,4.2,3.0,Lucerne
2024-05-11,22.7,6.0,0.0,0.0,0.0,0.0,6.3,17.3,48130.68,,26.59,4.49,3.0,Lucerne
2024-05-12,24.0,9.0,0.1,0.1,0.0,0.0,6.9,18.7,39297.96,,21.14,3.85,51.0,Lucerne
2024-05-13,21.4,12.2,1.5,1.5,0.0,0.0,7.9,18.4,35627.7,,20.5,3.58,53.0,Lucerne
2024-05-14,24.2,8.1,0.0,0.0,0.0,0.0,10.9,26.3,44178.83,,25.26,4.5,3.0,Lucerne
2024-05-15,17.7,11.7,6.6,6.6,0.0,0.0,9.1,19.8,20058.3,,12.97,2.21,63.0,Lucerne
2024-05-16,15.9,10.5,12.7,12.7,0.0,0.0,10.4,24.5,29297.09,,14.19,2.3,61.0,Lucerne
2024-05-17,17.9,10.7,9.8,9.8,0.0,0.0,14.5,33.1,36880.26,,20.02,3.29,61.0,Lucerne
2024-05-18,20.3,6.9,0.7,0.7,0.0,0.0,10.9,25.6,46908.71,,24.44,4.06,53.0,Lucerne
2024-05-19,19.3,8.0,2.2,2.2,0.0,0.0,8.2,22.3,49113.84,,22.33,3.63,61.0,Lucerne
2024-05-20,21.2,8.9,0.0,0.0,0.0,0.0,6.6,16.6,44536.48,,24.58,4.13,3.0,Lucerne
2024-05-21,16.5,12.2,7.8,7.8,0.0,0.0,7.9,23.4,18689.62,,11.74,1.98,53.0,Lucerne
2024-05-22,18.0,10.5,0.9,0.9,0.0,0.0,12.0,28.4,46353.4,,19.46,3.19,51.0,Lucerne
2024-05-23,14.5,10.6,11.6,11.6,0.0,0.0,6.9,22.7,13564.19,,9.62,1.6,61.0,Lucerne
2024-05-24,17.6,8.7,4.8,4.8,0.0,0.0,7.7,24.5,44899.32,,20.29,3.21,61.0,Lucerne
2024-05-25,18.4,10.1,0.1,0.1,0.0,0.0,4.2,15.5,47648.92,,24.25,3.92,51.0,Lucerne
2024-05-26,21.5,8.4,0.0,0.0,0.0,0.0,7.4,20.2,48889.05,,23.07,3.99,3.0,Lucerne
2024-05-27,19.4,13.5,17.0,17.0,0.0,0.0,7.6,22.0,29379.17,,16.22,2.78,63.0,Lucerne
2024-05-28,18.2,11.8,8.8,8.8,0.0,0.0,7.1,17.3,38820.41,,19.76,3.28,61.0,Lucerne
2024-05-29,18.2,10.3,4.1,4.1,0.0,0.0,8.3,24.5,9275.83,,11.87,2.07,55.0,Lucerne
2024-05-30,17.9,12.3,56.2,56.2,0.0,0.0,9.0,32.4,13950.42,,12.77,2.15,65.0,Lucerne
2024-05-31,12.1,10.2,33.9,33.9,0.0,0.0,12.2,26.6,0.0,,3.56,0.85,63.0,Lucerne
2024-06-01,15.5,10.8,8.0,8.0,0.0,0.0,5.0,16.9,1788.24,,11.6,1.98,61.0,Lucerne
2024-06-02,18.0,11.8,5.7,5.7,0.0,0.0,4.7,15.8,26132.41,,14.21,2.48,53.0,Lucerne
2024-06-03,16.3,13.1,11.5,11.5,0.0,0.0,6.7,18.0,10381.62,,8.79,1.57,63.0,Lucerne
2024-06-04,21.8,12.6,0.2,0.2,0.0,0.0,5.8,17.3,49662.75,,21.93,3.85,51.0,Lucerne
2024-06-05,23.1,12.8,7.9,7.9,0.0,0.0,8.0,24.5,51475.75,,22.65,4.06,63.0,Lucerne
2024-06-06,24.6,12.8,5.5,5.5,0.0,0.0,9.7,34.6,40011.7,,22.38,4.05,63.0,Lucerne
2024-06-07,24.5,14.8,11.0,11.0,0.0,0.0,9.6,26.3,46042.66,,20.32,3.74,63.0,Lucerne
2024-06-08,23.6,14.9,5.1,5.1,0.0,0.0,5.8,24.8,24560.68,,15.4,2.86,61.0,Lucerne
2024-06-09,20.6,15.1,28.4,28.4,0.0,0.0,7.9,23.8,14811.43,,13.15,2.32,65.0,Lucerne
2024-06-10,20.2,13.4,26.3,26.3,0.0,0.0,9.9,22.0,30708.25,,17.4,3.15,63.0,Lucerne
2024-06-11,13.4,11.0,16.8,16.8,0.0,0.0,7.6,16.9,2850.98,,6.38,1.24,63.0,Lucerne
2024-06-12,17.8,9.7,0.5,0.5,0.0,0.0,7.0,19.8,51778.03,,24.44,3.85,51.0,Lucerne
2024-06-13,18.6,9.8,0.4,0.4,0.0,0.0,6.7,18.7,50685.52,,25.59,4.12,51.0,Lucerne
2024-06-14,20.0,10.6,1.3,1.3,0.0,0.0,5.7,15.8,17299.75,,11.65,2.19,53.0,Lucerne
2024-06-15,18.3,12.7,16.8,16.8,0.0,0.0,9.5,24.5,25049.09,,14.04,2.49,63.0,Lucerne
2024-06-16,21.8,12.4,0.1,0.1,0.0,0.0,7.7,21.2,40099.8,,22.42,3.93,51.0,Lucerne
2024-06-17,23.2,13.4,0.2,0.2,0.0,0.0,9.3,23.0,46623.01,,22.5,4.08,51.0,Lucerne
2024-06-18,29.3,14.8,0.0,0.0,0.0,0.0,7.8,18.7,53019.27,,25.93,5.01,3.0,Lucerne
2024-06-19,27.6,15.2,0.1,0.1,0.0,0.0,9.2,32.4,46424.05,,25.13,4.8,51.0,Lucerne
2024-06-20,24.7,16.2,2.1,2.1,0.0,0.0,11.5,22.7,19098.35,,15.26,2.91,53.0,Lucerne
2024-06-21,21.9,15.4,19.6,19.6,0.0,0.0,6.8,24.5,19253.06,,12.69,2.4,63.0,Lucerne
2024-06-22,18.9,14.3,25.7,25.7,0.0,0.0,10.1,27.0,23618.06,,9.9,1.69,65.0,Lucerne
2024-06-23,19.0,11.7,5.3,5.3,0.0,0.0,12.8,29.9,29647.33,,15.71,2.72,61.0,Lucerne
2024-06-24,24.2,14.5,0.5,0.5,0.0,0.0,9.5,22.7,52995.26,,21.98,4.03,51.0,Lucerne
2024-06-25,25.6,16.0,0.3,0.3,0.0,0.0,6.5,20.5,48228.7,,23.74,4.37,51.0,Lucerne
2024-06-26,24.5,14.2,1.2,1.2,0.0,0.0,8.6,27.0,50575.83,,24.6,4.5,53.0,Lucerne
2024-06-27,27.1,15.7,0.5,0.5,0.0,0.0,14.4,32.4,49849.68,,24.61,4.81,51.0,Lucerne
2024-06-28,28.1,17.1,2.5,2.5,0.0,0.0,5.9,21.6,50339.46,,24.82,4.83,61.0,Lucerne
2024-06-29,28.5,18.4,0.0,0.0,0.0,0.0,11.8,29.9,28676.5,,17.2,3.64,3.0,Lucerne
2024-06-30,23.1,16.6,19.5,19.5,0.0,0.0,15.9,38.2,28117.28,,16.51,3.13,63.0,Lucerne
2024-07-01,21.7,15.7,22.5,22.5,0.0,0.0,13.7,31.3,40400.74,,18.08,3.2,65.0,Lucerne
2024-07-02,19.2,14.5,7.2,7.2,0.0,0.0,10.8,24.8,28273.88,,14.36,2.65,61.0,Lucerne
2024-07-03,17.7,13.6,10.6,10.6,0.0,0.0,9.6,25.2,15214.26,,10.74,1.99,61.0,Lucerne
2024-07-04,22.7,12.9,2.6,2.6,0.0,0.0,17.9,40.0,48205.57,,23.66,4.33,53.0,Lucerne
2024-07-05,24.7,16.4,0.5,0.5,0.0,0.0,4.3,14.0,43200.0,,24.58,4.55,51.0,Lucerne
2024-07-06,24.4,17.1,16.2,16.2,0.0,0.0,6.6,25.9,28502.36,,16.42,3.04,63.0,Lucerne
2024-07-07,18.8,14.0,3.1,3.1,0.0,0.0,7.6,16.6,21736.39,,14.18,2.53,53.0,Lucerne
2024-07-08,26.2,14.7,0.2,0.2,0.0,0.0,6.5,15.5,50939.96,,23.95,4.4,51.0,Lucerne
2024-07-09,28.3,16.5,0.0,0.0,0.0,0.0,8.0,19.4,49535.69,,26.06,5.1,3.0,Lucerne
2024-07-10,25.7,19.0,1.1,1.1,0.0,0.0,8.8,21.2,46473.62,,22.0,4.22,51.0,Lucerne
2024-07-11,26.6,18.6,10.1,10.1,0.0,0.0,5.8,18.4,37773.24,,21.42,4.08,63.0,Lucerne
2024-07-12,25.1,17.9,32.4,32.4,0.0,0.0,14.6,31.0,27900.64,,16.75,3.22,65.0,Lucerne
2024-07-13,19.8,15.4,1.7,1.7,0.0,0.0,5.0,16.9,25550.2,,14.54,2.64,53.0,Lucerne
2024-07-14,24.0,14.9,0.0,0.0,0.0,0.0,6.8,19.1,41730.95,,24.44,4.48,3.0,Lucerne
2024-07-15,27.7,16.6,12.6,12.6,0.0,0.0,10.4,29.5,42002.35,,22.58,4.38,65.0,Lucerne
2024-07-16,23.4,18.6,15.8,15.8,0.0,0.0,11.7,27.7,44101.71,,20.26,3.61,63.0,Lucerne
2024-07-17,23.8,17.9,0.0,0.0,0.0,0.0,6.2,17.6,34538.92,,18.14,3.5,3.0,Lucerne
2024-07-18,26.0,15.6,0.0,0.0,0.0,0.0,6.3,17.6,50739.27,,25.1,4.66,3.0,Lucerne
2024-07-19,29.4,18.8,0.0,0.0,0.0,0.0,6.9,17.3,45496.77,,24.4,4.79,3.0,Lucerne
2024-07-20,29.0,18.0,0.0,0.0,0.0,0.0,6.4,16.6,51180.67,,26.33,5.19,1.0,Lucerne
2024-07-21,26.8,17.9,13.6,13.6,0.0,0.0,6.2,19.8,39290.14,,21.42,4.17,63.0,Lucerne
2024-07-22,22.3,18.2,5.1,5.1,0.0,0.0,6.6,18.4,34678.77,,15.25,2.78,55.0,Lucerne
2024-07-23,26.0,18.4,2.7,2.7,0.0,0.0,9.9,22.7,35427.29,,21.82,4.2,61.0,Lucerne
2024-07-24,22.8,17.3,13.0,13.0,0.0,0.0,6.5,18.0,26875.88,,14.07,2.7,63.0,Lucerne
2024-07-25,24.9,14.6,0.0,0.0,0.0,0.0,5.3,17.6,47998.59,,25.84,4.64,3.0,Lucerne
2024-07-26,26.8,17.7,0.0,0.0,0.0,0.0,6.3,18.0,48623.89,,24.82,4.67,3.0,Lucerne
2024-07-27,30.3,18.3,0.0,0.0,0.0,0.0,5.5,15.5,44981.06,,24.11,4.82,3.0,Lucerne
2024-07-28,23.4,19.3,13.4,13.4,0.0,0.0,8.0,23.0,31166.27,,15.89,3.0,65.0,Lucerne
2024-07-29,27.4,16.4,0.0,0.0,0.0,0.0,6.4,18.0,48574.22,,24.44,4.53,2.0,Lucerne
2024-07-30,30.8,17.7,0.0,0.0,0.0,0.0,6.3,15.1,48514.86,,25.15,4.98,3.0,Lucerne
2024-07-31,31.1,20.1,4.6,4.6,0.0,0.0,8.6,22.0,41867.84,,22.17,4.51,63.0,Lucerne
2024-08-01,26.4,18.1,3.1,3.1,0.0,0.0,11.7,26.3,34624.49,,15.94,3.15,53.0,Lucerne
2024-08-02,25.9,18.5,17.6,17.6,0.0,0.0,8.9,26.3,47293.19,,22.45,4.21,65.0,Lucerne
2024-08-03,25.4,16.8,1.6,1.6,0.0,0.0,6.6,18.0,47294.93,,22.45,4.19,51.0,Lucerne
2024-08-04,25.0,17.7,0.7,0.7,0.0,0.0,9.1,21.6,35207.46,,18.44,3.59,51.0,Lucerne
2024-08-05,26.1,17.1,0.0,0.0,0.0,0.0,5.6,14.0,47323.78,,22.62,4.2,3.0,Lucerne
2024-08-06,27.8,16.9,0.0,0.0,0.0,0.0,6.0,17.3,47218.75,,23.66,4.54,3.0,Lucerne
2024-08-07,24.9,19.6,1.6,1.6,0.0,0.0,13.0,37.8,38079.29,,17.67,3.33,61.0,Lucerne
2024-08-08,23.8,18.6,4.5,4.5,0.0,0.0,6.3,18.4,25218.82,,12.9,2.46,61.0,Lucerne
2024-08-09,27.1,17.4,0.0,0.0,0.0,0.0,7.3,17.3,46909.03,,24.24,4.55,3.0,Lucerne
2024-08-10,28.0,18.7,0.0,0.0,0.0,0.0,4.4,14.0,46909.97,,24.69,4.72,3.0,Lucerne
2024-08-11,29.1,18.8,0.0,0.0,0.0,0.0,4.3,15.1,46800.0,,21.14,4.13,3.0,Lucerne
2024-08-12,31.6,21.7,0.7,0.7,0.0,0.0,12.9,31.7,46800.0,,20.79,4.32,53.0,Lucerne
2024-08-13,30.3,19.0,0.2,0.2,0.0,0.0,10.9,24.1,46800.0,,23.29,4.68,51.0,Lucerne
2024-08-14,27.7,18.9,0.7,0.7,0.0,0.0,10.5,24.8,32925.67,,17.72,3.55,51.0,Lucerne
2024-08-15,27.4,18.0,0.0,0.0,0.0,0.0,6.8,16.9,46800.0,,21.76,4.13,3.0,Lucerne
2024-08-16,26.9,18.8,1.2,1.2,0.0,0.0,6.6,18.4,46800.0,,18.89,3.65,53.0,Lucerne
2024-08-17,25.2,20.8,0.8,0.8,0.0,0.0,5.8,17.3,35271.92,,15.49,2.94,53.0,Lucerne
2024-08-18,21.7,17.4,26.7,26.7,0.0,0.0,8.3,22.7,0.0,,4.32,1.05,63.0,Lucerne
2024-08-19,22.2,15.9,4.2,4.2,0.0,0.0,12.1,28.8,38306.9,,17.58,3.15,61.0,Lucerne
2024-08-20,23.8,14.0,0.0,0.0,0.0,0.0,5.7,18.7,45212.4,,17.88,3.19,3.0,Lucerne
2024-08-21,20.8,15.8,5.7,5.7,0.0,0.0,7.7,21.6,26326.5,,12.88,2.32,61.0,Lucerne
2024-08-22,23.7,12.6,0.0,0.0,0.0,0.0,5.8,15.5,46230.22,,22.83,3.96,3.0,Lucerne
2024-08-23,27.5,15.0,0.0,0.0,0.0,0.0,7.6,15.8,46050.74,,22.74,4.32,3.0,Lucerne
2024-08-24,30.6,16.6,0.0,0.0,0.0,0.0,5.7,14.4,45869.54,,21.3,4.22,3.0,Lucerne
2024-08-25,22.9,16.0,15.2,15.2,0.0,0.0,12.9,29.5,0.0,,5.6,1.2,63.0,Lucerne
2024-08-26,20.4,14.9,0.3,0.3,0.0,0.0,7.0,19.4,13298.08,,10.21,1.96,51.0,Lucerne
2024-08-27,22.2,13.3,0.1,0.1,0.0,0.0,5.6,18.0,42071.69,,17.28,2.99,51.0,Lucerne
2024-08-28,28.2,14.4,0.0,0.0,0.0,0.0,5.2,14.4,45130.41,,20.69,3.96,3.0,Lucerne
2024-08-29,28.9,17.0,0.0,0.0,0.0,0.0,7.6,12.6,44942.66,,21.15,4.23,3.0,Lucerne
2024-08-30,28.9,17.6,0.0,0.0,0.0,0.0,5.4,14.0,44670.15,,20.3,3.92,3.0,Lucerne
2024-08-31,28.3,17.8,0.0,0.0,0.0,0.0,5.9,13.0,40974.54,,20.03,3.87,3.0,Lucerne
2024-09-01,29.3,18.5,6.8,6.8,0.0,0.0,11.9,25.6,42248.07,,19.11,3.74,63.0,Lucerne
2024-09-02,25.2,18.0,0.5,0.5,0.0,0.0,5.2,14.0,40657.45,,18.26,3.37,53.0,Lucerne
2024-09-03,26.1,18.0,0.3,0.3,0.0,0.0,5.9,14.0,43516.86,,17.35,3.28,51.0,Lucerne
2024-09-04,24.6,18.3,0.6,0.6,0.0,0.0,5.9,15.1,38076.5,,15.93,2.94,53.0,Lucerne
2024-09-05,23.3,16.6,4.7,4.7,0.0,0.0,11.6,26.3,17367.3,,9.89,1.91,61.0,Lucerne
2024-09-06,22.9,13.1,0.0,0.0,0.0,0.0,7.1,13.3,42383.23,,17.69,3.04,3.0,Lucerne
2024-09-07,27.1,17.6,0.0,0.0,0.0,0.0,8.9,18.7,42830.49,,19.27,3.59,3.0,Lucerne
2024-09-08,20.3,16.6,18.0,18.0,0.0,0.0,8.4,20.5,217.85,,3.87,0.86,63.0,Lucerne
2024-09-09,18.8,15.6,24.5,24.5,0.0,0.0,13.3,33.1,21404.76,,7.9,1.48,65.0,Lucerne
2024-09-10,18.3,13.8,10.6,10.6,0.0,0.0,6.3,19.4,22243.11,,10.84,1.88,61.0,Lucerne
2024-09-11,18.1,10.9,15.9,15.9,0.0,0.0,12.2,28.8,15057.92,,6.83,1.23,63.0,Lucerne
2024-09-12,12.9,7.3,8.2,8.2,0.0,0.0,10.3,24.1,35170.91,,13.09,1.87,61.0,Lucerne
2024-09-13,11.0,7.5,18.1,18.1,0.0,0.0,9.0,23.4,14135.45,,7.62,1.19,63.0,Lucerne
2024-09-14,11.0,7.4,8.0,8.0,0.0,0.0,7.2,20.2,0.0,,6.48,1.06,61.0,Lucerne
2024-09-15,14.4,6.3,0.0,0.0,0.0,0.0,10.4,25.9,40340.8,,16.75,2.36,2.0,Lucerne
2024-09-16,12.7,8.3,0.9,0.9,0.0,0.0,5.2,15.8,7671.98,,6.91,1.15,51.0,Lucerne
2024-09-17,15.6,9.6,0.8,0.8,0.0,0.0,13.0,29.5,20025.73,,9.21,1.51,51.0,Lucerne
2024-09-18,17.1,8.2,0.0,0.0,0.0,0.0,6.9,16.2,37423.85,,12.59,1.91,3.0,Lucerne
2024-09-19,18.7,8.4,0.0,0.0,0.0,0.0,5.4,17.3,39174.7,,15.92,2.46,3.0,Lucerne
2024-09-20,20.8,9.8,0.0,0.0,0.0,0.0,6.7,15.5,39969.9,,17.04,2.77,1.0,Lucerne
2024-09-21,21.2,10.9,0.0,0.0,0.0,0.0,6.9,16.2,39743.06,,17.04,2.82,3.0,Lucerne
2024-09-22,20.5,10.8,0.1,0.1,0.0,0.0,7.1,19.4,39252.41,,13.95,2.36,51.0,Lucerne
2024-09-23,17.4,11.9,6.7,6.7,0.0,0.0,4.4,11.9,9670.41,,6.36,1.14,61.0,Lucerne
2024-09-24,18.8,12.4,1.2,1.2,0.0,0.0,6.2,23.8,39007.23,,14.73,2.34,51.0,Lucerne
2024-09-25,18.6,11.4,1.3,1.3,0.0,0.0,7.2,16.9,32163.89,,13.56,2.21,53.0,Lucerne
2024-09-26,17.5,14.0,24.3,24.3,0.0,0.0,9.6,26.6,0.0,,2.94,0.79,63.0,Lucerne
2024-09-27,19.1,11.7,7.4,7.4,0.0,0.0,16.2,44.3,27843.6,,8.72,1.54,63.0,Lucerne
2024-09-28,12.7,8.1,13.2,13.2,0.0,0.0,8.9,22.7,5770.68,,3.34,0.7,61.0,Lucerne
2024-09-29,14.8,5.3,0.1,0.1,0.0,0.0,5.8,15.1,32120.76,,13.49,1.89,51.0,Lucerne
2024-09-30,20.5,10.2,3.0,3.0,0.0,0.0,8.1,26.3,33493.65,,13.74,2.27,63.0,Lucerne
2024-10-01,15.5,11.9,17.0,17.0,0.0,0.0,4.8,13.7,0.0,,2.06,0.5,61.0,Lucerne
2024-10-02,13.9,10.1,25.6,25.6,0.0,0.0,8.5,22.3,30551.54,,7.61,1.2,63.0,Lucerne
2024-10-03,12.7,8.3,7.5,7.5,0.0,0.0,12.5,27.7,0.0,,5.65,0.96,61.0,Lucerne
2024-10-04,10.5,8.6,15.4,15.4,0.0,0.0,12.0,31.3,2267.64,,4.05,0.68,61.0,Lucerne
2024-10-05,13.2,6.9,0.2,0.2,0.0,0.0,8.1,20.9,30919.37,,8.79,1.31,51.0,Lucerne
2024-10-06,12.6,5.8,0.9,0.9,0.0,0.0,4.9,14.4,13569.29,,7.2,1.05,53.0,Lucerne
2024-10-07,22.1,9.1,0.3,0.3,0.0,0.0,7.8,15.8,34025.77,,13.28,2.25,51.0,Lucerne
2024-10-08,15.3,11.4,11.4,11.4,0.0,0.0,7.2,15.5,403.81,,4.29,0.8,61.0,Lucerne
2024-10-09,21.1,8.3,0.0,0.0,0.0,0.0,9.8,23.8,28986.52,,12.01,2.09,3.0,Lucerne
2024-10-10,16.2,9.5,12.8,12.8,0.0,0.0,18.0,45.0,31691.41,,10.45,1.75,63.0,Lucerne
2024-10-11,12.9,8.8,16.8,16.8,0.0,0.0,5.5,16.9,31192.4,,8.01,1.15,63.0,Lucerne
2024-10-12,13.5,6.7,3.9,3.9,0.0,0.0,7.3,20.2,18341.01,,8.41,1.18,61.0,Lucerne
2024-10-13,18.3,11.9,19.3,19.3,0.0,0.0,12.4,31.7,21980.8,,6.32,1.11,65.0,Lucerne
2024-10-14,18.5,8.0,4.4,4.4,0.0,0.0,5.6,15.5,24347.38,,5.88,0.99,61.0,Lucerne
2024-10-15,16.4,9.1,2.6,2.6,0.0,0.0,5.3,14.0,16376.97,,5.24,0.86,61.0,Lucerne
2024-10-16,17.7,11.6,0.1,0.1,0.0,0.0,6.3,18.0,24696.56,,7.33,1.16,51.0,Lucerne
2024-10-17,16.8,10.5,0.0,0.0,0.0,0.0,5.1,14.8,20403.17,,7.69,1.19,3.0,Lucerne
2024-10-18,16.5,11.8,5.6,5.6,0.0,0.0,8.0,16.6,5120.18,,4.38,0.8,63.0,Lucerne
2024-10-19,14.8,8.8,0.0,0.0,0.0,0.0,4.5,12.6,11897.42,,6.32,0.99,3.0,Lucerne
2024-10-20,14.6,8.5,0.0,0.0,0.0,0.0,6.9,19.4,31692.91,,9.42,1.31,3.0,Lucerne
2024-10-21,17.3,9.8,0.0,0.0,0.0,0.0,6.3,17.3,33649.54,,10.83,1.57,3.0,Lucerne
2024-10-22,18.6,9.8,9.8,9.8,0.0,0.0,6.3,12.6,19764.48,,6.59,1.13,61.0,Lucerne
2024-10-23,14.0,11.9,7.3,7.3,0.0,0.0,8.5,19.4,0.0,,3.26,0.61,55.0,Lucerne
2024-10-24,15.6,10.5,0.1,0.1,0.0,0.0,6.6,15.8,30792.46,,9.04,1.29,51.0,Lucerne
2024-10-25,14.1,9.7,0.0,0.0,0.0,0.0,5.6,15.5,31128.25,,7.77,1.03,3.0,Lucerne
2024-10-26,13.4,9.9,0.0,0.0,0.0,0.0,6.1,17.6,20111.75,,6.27,0.85,3.0,Lucerne
2024-10-27,16.8,9.6,0.0,0.0,0.0,0.0,4.2,10.1,22814.64,,8.25,1.28,3.0,Lucerne
2024-10-28,16.9,9.3,0.0,0.0,0.0,0.0,3.7,13.3,32242.92,,10.02,1.43,3.0,Lucerne
2024-10-29,16.2,9.4,0.0,0.0,0.0,0.0,4.7,14.4,32117.91,,9.79,1.36,1.0,Lucerne
2024-10-30,14.7,8.5,0.0,0.0,0.0,0.0,4.9,15.5,31571.64,,8.88,1.17,3.0,Lucerne
2024-10-31,12.7,8.2,0.0,0.0,0.0,0.0,4.8,13.7,30362.03,,7.03,0.92,3.0,Lucerne
2024-11-01,15.3,8.2,0.0,0.0,0.0,0.0,3.7,14.0,30850.16,,8.68,1.17,3.0,Lucerne
2024-11-02,10.7,6.4,0.2,0.2,0.0,0.0,6.6,18.4,19236.08,,4.64,0.61,51.0,Lucerne
2024-11-03,10.5,7.1,0.2,0.2,0.0,0.0,4.6,14.8,28110.86,,5.47,0.67,51.0,Lucerne
2024-11-04,11.0,5.8,0.0,0.0,0.0,0.0,4.3,14.4,30583.99,,6.69,0.79,3.0,Lucerne
2024-11-05,13.9,6.9,0.0,0.0,0.0,0.0,4.8,14.0,30675.33,,7.12,0.95,3.0,Lucerne
2024-11-06,13.5,6.8,0.0,0.0,0.0,0.0,5.6,12.2,26282.97,,7.08,0.93,3.0,Lucerne
2024-11-07,10.5,7.3,0.0,0.0,0.0,0.0,5.2,12.2,24119.76,,5.04,0.65,3.0,Lucerne
2024-11-08,11.1,7.3,0.0,0.0,0.0,0.0,4.5,13.7,29416.21,,6.41,0.78,3.0,Lucerne
2024-11-09,11.5,6.4,0.0,0.0,0.0,0.0,4.2,13.0,29891.55,,7.31,0.89,3.0,Lucerne
2024-11-10,9.9,5.5,0.0,0.0,0.0,0.0,4.0,14.0,28800.0,,6.44,0.76,3.0,Lucerne
2024-11-11,9.1,6.5,5.0,5.0,0.0,0.0,8.0,17.3,21398.54,,4.89,0.62,61.0,Lucerne
2024-11-12,8.7,4.9,5.0,5.0,0.0,0.0,12.7,28.4,20834.81,,4.99,0.68,53.0,Lucerne
2024-11-13,5.8,4.1,1.1,1.1,0.0,0.0,7.6,19.4,6.47,,2.81,0.41,51.0,Lucerne
2024-11-14,6.6,2.3,0.2,0.2,0.0,0.0,7.6,19.1,23230.31,,6.22,0.69,51.0,Lucerne
2024-11-15,6.7,1.1,0.0,0.0,0.0,0.0,3.7,14.8,28006.67,,6.17,0.63,3.0,Lucerne
2024-11-16,8.1,1.4,0.0,0.0,0.0,0.0,4.0,13.0,29256.47,,7.52,0.78,3.0,Lucerne
2024-11-17,9.8,0.9,0.4,0.4,0.0,0.0,7.1,16.2,28326.98,,6.76,0.74,51.0,Lucerne
2024-11-18,11.2,5.9,0.7,0.7,0.0,0.0,14.5,32.8,25778.26,,5.92,0.79,53.0,Lucerne
2024-11-19,11.3,6.3,6.5,6.5,0.0,0.0,8.3,20.9,1812.96,,1.81,0.38,61.0,Lucerne
2024-11-20,9.1,-0.1,24.1,17.8,0.0,4.41,26.8,65.5,23200.46,,4.91,0.61,75.0,Lucerne
2024-11-21,2.0,-1.9,17.8,0.1,0.0,12.39,9.7,40.0,4909.71,,2.94,0.37,75.0,Lucerne
2024-11-22,1.5,-2.0,14.2,0.0,0.0,9.94,17.8,40.7,15499.58,,4.99,0.65,75.0,Lucerne
2024-11-23,2.2,-4.2,0.3,0.0,0.0,0.21,16.4,38.5,20233.88,,5.46,0.6,71.0,Lucerne
2024-11-24,8.2,-0.7,0.0,0.0,0.0,0.0,5.0,11.5,27680.05,,6.75,0.7,3.0,Lucerne
2024-11-25,9.1,3.4,0.0,0.0,0.0,0.0,6.1,15.5,27094.56,,6.62,0.81,3.0,Lucerne
2024-11-26,7.1,3.7,9.4,9.4,0.0,0.0,6.6,19.8,27515.56,,6.24,0.63,63.0,Lucerne
2024-11-27,5.9,0.7,0.0,0.0,0.0,0.0,3.6,11.2,27468.17,,6.48,0.63,3.0,Lucerne
2024-11-28,8.0,2.5,17.5,17.5,0.0,0.0,7.2,27.0,0.0,,0.67,0.22,63.0,Lucerne
2024-11-29,4.1,-0.1,0.0,0.0,0.0,0.0,4.2,14.4,24830.67,,4.94,0.44,3.0,Lucerne
2024-11-30,2.7,0.0,0.0,0.0,0.0,0.0,4.6,16.2,26618.63,,4.27,0.38,3.0,Lucerne
2024-12-01,4.7,-0.7,0.0,0.0,0.0,0.0,4.3,14.0,27113.5,,5.56,0.5,3.0,Lucerne
2024-12-02,8.1,1.3,5.4,5.4,0.0,0.0,6.4,14.8,16843.43,,3.9,0.47,61.0,Lucerne
2024-12-03,7.0,2.5,7.0,7.0,0.0,0.0,5.6,14.8,249.11,,1.85,0.29,55.0,Lucerne
2024-12-04,4.5,1.5,3.4,3.0,0.0,0.28,4.9,13.0,850.29,,1.85,0.25,71.0,Lucerne
2024-12-05,4.4,0.0,0.6,0.5,0.0,0.07,6.1,19.8,23202.97,,5.54,0.51,71.0,Lucerne
2024-12-06,9.2,3.7,10.9,10.9,0.0,0.0,22.5,49.3,21737.92,,3.79,0.64,63.0,Lucerne
2024-12-07,7.3,1.9,19.7,10.1,0.0,6.72,7.0,24.5,4106.44,,2.09,0.32,75.0,Lucerne
2024-12-08,3.3,1.4,2.9,2.9,0.0,0.0,5.2,12.2,0.0,,1.26,0.21,53.0,Lucerne
2024-12-09,3.9,1.8,2.6,2.6,0.0,0.0,14.3,31.0,1195.88,,1.93,0.27,51.0,Lucerne
2024-12-10,3.6,1.4,0.3,0.3,0.0,0.0,10.0,23.0,4210.61,,2.39,0.35,51.0,Lucerne
2024-12-11,2.6,0.1,0.0,0.0,0.0,0.0,4.2,13.0,1921.19,,2.38,0.29,3.0,Lucerne
2024-12-12,2.2,-0.6,0.0,0.0,0.0,0.0,3.4,11.9,15861.97,,2.94,0.3,3.0,Lucerne
2024-12-13,0.6,-1.4,0.0,0.0,0.0,0.0,5.4,17.6,19365.94,,3.15,0.29,3.0,Lucerne
2024-12-14,3.6,-1.1,5.0,4.6,0.0,0.28,4.0,8.6,0.0,,0.98,0.2,73.0,Lucerne
2024-12-15,5.1,-0.0,4.6,4.4,0.0,0.14,5.3,13.3,17973.51,,3.55,0.38,71.0,Lucerne
2024-12-16,7.2,-0.2,0.0,0.0,0.0,0.0,5.2,15.5,25958.6,,5.67,0.54,2.0,Lucerne
2024-12-17,6.6,-0.2,0.0,0.0,0.0,0.0,3.4,12.6,25932.58,,5.59,0.53,3.0,Lucerne
2024-12-18,11.2,0.2,0.0,0.0,0.0,0.0,2.7,9.0,14865.44,,3.18,0.41,3.0,Lucerne
2024-12-19,8.4,2.0,10.8,10.8,0.0,0.0,18.4,54.0,2116.65,,1.54,0.3,63.0,Lucerne
2024-12-20,2.8,-0.3,10.9,0.9,0.0,7.0,11.7,29.2,10800.0,,2.51,0.31,75.0,Lucerne
2024-12-21,5.1,-1.7,0.7,0.6,0.0,0.07,4.7,14.0,11183.44,,2.6,0.34,71.0,Lucerne
2024-12-22,7.0,1.1,40.1,33.5,0.0,4.62,20.0,52.6,0.0,,1.08,0.27,75.0,Lucerne
2024-12-23,2.7,-0.8,15.3,1.1,0.0,9.94,16.5,39.2,6195.08,,1.86,0.3,75.0,Lucerne
2024-12-24,3.4,-0.3,10.1,0.0,0.0,7.07,5.4,17.3,12081.18,,3.48,0.35,75.0,Lucerne
2024-12-25,2.6,-2.3,0.0,0.0,0.0,0.0,3.5,11.5,25466.64,,5.03,0.42,3.0,Lucerne
2024-12-26,1.0,-3.0,0.0,0.0,0.0,0.0,4.1,13.7,25435.33,,4.59,0.38,3.0,Lucerne
2024-12-27,2.5,-2.5,0.0,0.0,0.0,0.0,3.6,13.3,24658.53,,4.11,0.37,3.0,Lucerne
2024-12-28,5.9,-3.2,0.0,0.0,0.0,0.0,4.0,13.3,25827.66,,5.87,0.54,3.0,Lucerne
2024-12-29,6.2,-3.0,0.0,0.0,0.0,0.0,3.8,13.0,25892.02,,5.97,0.55,0.0,Lucerne
2024-12-30,1.3,-3.6,0.0,0.0,0.0,0.0,5.8,16.2,25658.53,,4.9,0.4,3.0,Lucerne
2024-12-31,6.5,-3.3,0.0,0.0,0.0,0.0,4.1,12.6,25931.66,,5.88,0.57,1.0,Lucerne
2025-01-01,9.9,-2.2,0.0,0.0,0.0,0.0,4.7,13.0,26152.89,,6.17,0.64,3.0,Lucerne
2025-01-02,6.9,-1.2,10.4,7.9,0.0,1.75,6.4,18.0,8777.41,,2.01,0.36,75.0,Lucerne
2025-01-03,2.5,-0.9,6.0,1.7,0.0,3.01,8.6,20.5,22854.92,,4.52,0.42,75.0,Lucerne
2025-01-04,0.2,-1.5,0.2,0.0,0.0,0.14,4.8,15.5,16280.18,,3.83,0.34,71.0,Lucerne
2025-01-05,7.7,0.8,8.4,8.2,0.0,0.14,5.4,28.1,12474.57,,3.03,0.38,71.0,Lucerne
2025-01-06,9.4,3.1,8.7,8.4,0.0,0.21,7.4,16.6,15453.62,,3.44,0.44,73.0,Lucerne
2025-01-07,7.4,0.8,4.3,4.3,0.0,0.0,15.1,35.3,26466.04,,5.01,0.55,61.0,Lucerne
2025-01-08,7.1,0.8,3.9,3.9,0.0,0.0,5.3,13.0,0.0,,1.05,0.26,53.0,Lucerne
2025-01-09,10.3,2.2,18.8,18.0,0.0,0.56,22.8,51.8,2362.67,,2.25,0.43,73.0,Lucerne
2025-01-10,2.9,-0.3,2.2,0.0,0.0,1.54,11.1,27.4,0.0,,2.06,0.32,73.0,Lucerne
2025-01-11,1.1,-2.1,2.4,0.1,0.0,1.61,5.5,16.2,24627.55,,5.67,0.49,73.0,Lucerne
2025-01-12,0.6,-4.5,0.0,0.0,0.0,0.0,8.3,23.8,15294.53,,4.64,0.45,3.0,Lucerne
2025-01-13,0.5,-4.8,0.0,0.0,0.0,0.0,9.0,27.7,27399.68,,6.16,0.52,3.0,Lucerne
2025-01-14,-1.2,-5.2,0.0,0.0,0.0,0.0,6.8,19.1,23480.07,,3.81,0.32,3.0,Lucerne
2025-01-15,1.8,-4.4,0.1,0.1,0.0,0.0,4.2,12.2,1477.05,,2.03,0.28,51.0,Lucerne
2025-01-16,2.1,-1.8,0.0,0.0,0.0,0.0,5.1,15.1,23692.88,,4.37,0.41,3.0,Lucerne
2025-01-17,2.1,-2.3,0.0,0.0,0.0,0.0,4.4,13.3,25149.16,,3.99,0.37,3.0,Lucerne
2025-01-18,-1.2,-3.1,0.0,0.0,0.0,0.0,6.5,18.7,26021.63,,4.17,0.34,3.0,Lucerne
2025-01-19,1.9,-3.5,0.0,0.0,0.0,0.0,6.6,20.5,27542.07,,5.01,0.41,3.0,Lucerne
2025-01-20,5.9,-2.0,0.0,0.0,0.0,0.0,5.1,15.5,24974.36,,6.34,0.64,3.0,Lucerne
2025-01-21,6.5,-2.4,0.0,0.0,0.0,0.0,2.7,13.0,27843.07,,7.16,0.71,3.0,Lucerne
2025-01-22,3.0,-2.1,0.0,0.0,0.0,0.0,5.2,12.2,1086.93,,1.7,0.31,3.0,Lucerne
2025-01-23,7.1,1.8,7.1,7.1,0.0,0.0,5.9,15.8,9016.42,,2.84,0.42,63.0,Lucerne
2025-01-24,10.4,0.9,0.0,0.0,0.0,0.0,10.0,22.0,19154.25,,5.9,0.7,3.0,Lucerne
2025-01-25,13.3,2.1,0.0,0.0,0.0,0.0,10.5,23.4,27885.75,,7.37,1.02,3.0,Lucerne
2025-01-26,7.8,3.2,2.6,2.6,0.0,0.0,15.7,43.6,25200.0,,7.95,0.83,55.0,Lucerne
2025-01-27,8.7,3.7,23.1,23.1,0.0,0.0,6.9,24.8,3561.05,,2.51,0.4,63.0,Lucerne
2025-01-28,7.3,3.3,12.0,12.0,0.0,0.0,6.5,13.3,4222.99,,3.53,0.46,61.0,Lucerne
2025-01-29,9.0,1.1,4.2,2.2,0.0,1.4,9.3,24.8,30011.27,,8.15,0.97,73.0,Lucerne
2025-01-30,7.0,1.1,0.1,0.1,0.0,0.0,5.3,15.5,19580.24,,6.11,0.71,51.0,Lucerne
2025-01-31,4.4,2.0,7.4,7.4,0.0,0.0,5.7,13.7,0.0,,1.48,0.26,61.0,Lucerne
2025-02-01,2.5,0.1,0.3,0.3,0.0,0.0,5.9,12.6,2523.0,,3.06,0.35,51.0,Lucerne
2025-02-02,2.8,-0.5,0.0,0.0,0.0,0.0,4.6,14.4,23784.08,,4.56,0.46,3.0,Lucerne
2025-02-03,3.1,0.3,0.0,0.0,0.0,0.0,4.7,16.6,27236.33,,4.94,0.51,3.0,Lucerne
2025-02-04,3.3,0.0,0.0,0.0,0.0,0.0,4.7,15.5,31012.41,,7.05,0.66,3.0,Lucerne
2025-02-05,5.5,-2.8,0.0,0.0,0.0,0.0,3.3,15.1,31286.96,,8.83,0.9,3.0,Lucerne
2025-02-06,2.2,-2.3,0.0,0.0,0.0,0.0,4.1,14.0,6306.53,,4.41,0.5,3.0,Lucerne
2025-02-07,4.8,-1.1,0.0,0.0,0.0,0.0,7.3,20.2,23469.6,,7.21,0.73,3.0,Lucerne
2025-02-08,8.4,-0.6,0.0,0.0,0.0,0.0,6.4,18.7,30620.22,,8.25,0.93,3.0,Lucerne
2025-02-09,7.7,-0.2,0.0,0.0,0.0,0.0,6.1,18.4,31710.62,,8.54,0.92,3.0,Lucerne
2025-02-10,6.2,0.9,1.4,1.4,0.0,0.0,6.1,18.4,18495.08,,6.29,0.69,61.0,Lucerne
2025-02-11,8.1,2.8,0.8,0.8,0.0,0.0,3.6,13.7,9927.28,,4.71,0.63,51.0,Lucerne
2025-02-12,10.9,3.2,1.3,1.3,0.0,0.0,6.3,17.6,29695.03,,7.79,1.0,53.0,Lucerne
2025-02-13,7.6,1.3,30.4,24.1,0.0,4.41,5.3,13.7,0.0,,2.71,0.42,75.0,Lucerne
2025-02-14,2.0,-3.0,5.8,1.1,0.0,3.29,10.6,24.8,0.0,,3.64,0.41,73.0,Lucerne
2025-02-15,1.1,-3.2,0.0,0.0,0.0,0.0,6.6,19.4,32964.19,,9.14,0.81,3.0,Lucerne
2025-02-16,3.5,-1.9,0.0,0.0,0.0,0.0,4.4,16.2,9472.71,,5.8,0.65,3.0,Lucerne
2025-02-17,2.5,-2.8,0.0,0.0,0.0,0.0,5.0,16.2,25665.32,,5.62,0.58,3.0,Lucerne
2025-02-18,3.8,-1.6,0.0,0.0,0.0,0.0,5.2,16.2,32548.69,,7.26,0.73,3.0,Lucerne
2025-02-19,5.9,-2.0,0.0,0.0,0.0,0.0,5.4,14.0,28729.81,,9.26,0.98,3.0,Lucerne
2025-02-20,11.2,-0.3,0.0,0.0,0.0,0.0,5.8,15.8,21068.89,,7.2,1.0,3.0,Lucerne
2025-02-21,10.8,0.3,0.0,0.0,0.0,0.0,4.7,15.8,32147.32,,11.08,1.35,3.0,Lucerne
2025-02-22,14.2,2.1,0.0,0.0,0.0,0.0,7.2,18.0,26260.67,,10.09,1.46,3.0,Lucerne
2025-02-23,11.5,2.9,3.9,3.9,0.0,0.0,4.0,12.6,7200.0,,5.36,0.8,53.0,Lucerne
2025-02-24,10.2,1.7,0.0,0.0,0.0,0.0,4.9,14.0,14638.78,,6.91,0.9,3.0,Lucerne
2025-02-25,9.7,3.3,1.2,1.2,0.0,0.0,6.9,16.2,7805.74,,5.4,0.77,53.0,Lucerne
2025-02-26,5.9,2.8,3.3,3.3,0.0,0.0,13.4,31.7,3600.0,,2.94,0.57,53.0,Lucerne
2025-02-27,4.3,1.1,4.7,3.1,0.0,1.12,7.0,14.0,5024.14,,3.49,0.44,73.0,Lucerne
2025-02-28,5.7,2.2,0.8,0.8,0.0,0.0,5.5,16.9,15580.76,,6.17,0.78,51.0,Lucerne
2025-03-01,6.1,0.5,0.4,0.4,0.0,0.0,10.8,25.6,8106.07,,6.29,0.82,51.0,Lucerne
2025-03-02,5.5,-0.2,0.0,0.0,0.0,0.0,6.1,16.9,25689.63,,7.69,0.85,3.0,Lucerne
2025-03-03,10.7,-1.2,0.0,0.0,0.0,0.0,3.8,15.8,36760.33,,14.84,1.73,1.0,Lucerne
2025-03-04,12.3,-1.6,0.0,0.0,0.0,0.0,3.8,14.8,36969.07,,14.8,1.82,0.0,Lucerne
2025-03-05,12.5,-1.4,0.0,0.0,0.0,0.0,3.6,14.0,37177.04,,15.26,1.9,0.0,Lucerne
2025-03-06,15.1,-1.0,0.0,0.0,0.0,0.0,6.1,17.6,37251.11,,15.22,2.1,3.0,Lucerne
2025-03-07,13.9,0.4,0.0,0.0,0.0,0.0,6.1,15.5,37590.06,,15.52,2.06,2.0,Lucerne
2025-03-08,15.4,-0.1,0.0,0.0,0.0,0.0,6.8,17.6,37795.02,,15.57,2.13,3.0,Lucerne
2025-03-09,17.2,1.8,0.0,0.0,0.0,0.0,8.6,20.2,38000.43,,15.37,2.34,3.0,Lucerne
2025-03-10,12.3,3.3,3.1,3.1,0.0,0.0,7.3,20.5,17697.79,,7.78,1.13,55.0,Lucerne
2025-03-11,13.4,1.6,0.1,0.1,0.0,0.0,7.6,18.7,32823.83,,14.94,2.07,51.0,Lucerne
2025-03-12,8.8,3.9,5.6,5.6,0.0,0.0,8.9,21.2,3857.17,,5.22,0.76,53.0,Lucerne
2025-03-13,8.0,3.4,9.3,9.1,0.0,0.14,7.6,28.1,23384.68,,7.61,0.99,71.0,Lucerne
2025-03-14,6.5,2.3,1.2,1.2,0.0,0.0,7.3,21.6,2109.89,,6.35,0.89,51.0,Lucerne
2025-03-15,6.9,2.9,5.9,4.7,0.0,0.84,9.8,20.5,3967.6,,6.27,0.87,73.0,Lucerne
2025-03-16,5.7,2.7,5.2,5.1,0.0,0.07,6.9,18.4,241.7,,4.39,0.6,71.0,Lucerne
2025-03-17,7.7,1.8,0.5,0.5,0.0,0.0,13.9,32.0,20364.58,,8.71,1.21,51.0,Lucerne
2025-03-18,9.5,-1.2,0.0,0.0,0.0,0.0,5.6,17.6,37814.94,,16.02,1.82,3.0,Lucerne
2025-03-19,12.9,0.5,0.0,0.0,0.0,0.0,3.5,14.8,39603.93,,18.29,2.4,0.0,Lucerne
2025-03-20,16.9,-0.1,0.0,0.0,0.0,0.0,5.6,16.6,39700.64,,18.11,2.63,3.0,Lucerne
2025-03-21,18.1,3.1,0.0,0.0,0.0,0.0,13.1,31.0,34912.73,,15.86,2.68,3.0,Lucerne
2025-03-22,17.8,5.6,0.0,0.0,0.0,0.0,11.9,27.7,39600.0,,17.86,2.95,3.0,Lucerne
2025-03-23,12.9,5.3,5.2,5.2,0.0,0.0,8.8,18.4,18865.51,,10.16,1.49,61.0,Lucerne
2025-03-24,13.9,5.2,4.7,4.7,0.0,0.0,9.4,24.5,38539.34,,14.21,1.98,61.0,Lucerne
2025-03-25,13.8,4.9,2.0,2.0,0.0,0.0,8.2,18.7,36754.85,,15.95,2.24,53.0,Lucerne
2025-03-26,12.0,4.7,2.9,2.9,0.0,0.0,5.0,16.9,14459.31,,9.37,1.38,55.0,Lucerne
2025-03-27,10.2,5.5,0.8,0.8,0.0,0.0,15.2,34.9,17552.08,,9.2,1.3,51.0,Lucerne
2025-03-28,10.3,3.4,0.0,0.0,0.0,0.0,7.0,20.2,33992.77,,11.45,1.51,3.0,Lucerne
2025-03-29,8.9,7.0,16.6,16.6,0.0,0.0,7.2,20.9,0.0,,3.95,0.66,61.0,Lucerne
2025-03-30,14.4,4.7,3.0,3.0,0.0,0.0,12.8,29.2,36078.35,,17.21,2.54,61.0,Lucerne
2025-03-31,10.8,5.6,2.0,2.0,0.0,0.0,10.8,24.5,33813.21,,13.59,1.97,53.0,Lucerne
2025-04-01,11.0,2.3,0.1,0.1,0.0,0.0,23.5,54.0,41786.69,,19.42,2.38,51.0,Lucerne
2025-04-02,16.3,0.8,0.0,0.0,0.0,0.0,11.5,25.6,42200.04,,20.15,2.71,3.0,Lucerne
2025-04-03,18.0,2.5,0.0,0.0,0.0,0.0,6.5,19.8,41361.06,,19.99,2.9,3.0,Lucerne
2025-04-04,18.8,3.0,0.0,0.0,0.0,0.0,4.0,15.8,43289.68,,21.38,3.16,0.0,Lucerne
2025-04-05,18.9,3.3,0.0,0.0,0.0,0.0,5.5,16.6,43487.15,,21.51,3.25,3.0,Lucerne
2025-04-06,11.1,2.9,0.0,0.0,0.0,0.0,13.7,32.8,43684.07,,21.76,2.63,3.0,Lucerne
2025-04-07,2.2,1.3,,,,,3.1,7.9,,,,,0.0,Lucerne
2025-04-08,,,,,,,,,,,,,,Lucerne
2025-04-09,3.9,2.6,,,,,2.0,6.5,,,,,1.0,Lucerne
2025-04-10,,,,,,,,,,,,,,Lucerne
